crop_image,item_category,original_image,color,personal_color,final_color
eab59a36-7dee-4e65-9a25-9d2af737a53b.jpg,long_sleeved_outwear,0.jpg,darkorange,spring,orange
2fcd7b36-8a95-416f-8e3a-e7093aa68a33.jpg,long_sleeved_shirt,5.jpg,black,winter,black
86fea2fb-338b-47b1-8d7c-100fcb58b773.jpg,long_sleeved_shirt,4.jpg,black,winter,black
df7a5a7e-4f71-41d8-8b90-d145df37bf34.jpg,short_sleeved_shirt,2.jpg,lavender,winter,purple
2b4bcc5e-0855-4266-bf82-1972528cef72.jpg,trousers,3.jpg,lightgray,winter,gray
e735f566-2fe2-49bc-bbdd-ce557986de41.jpg,long_sleeved_shirt,3.jpg,black,winter,black
59789a4d-694b-41fa-b688-da1e3efa1b18.jpg,short_sleeved_shirt,6.jpg,black,winter,black
f29d8259-cadb-4d5c-ab8c-265ce569b2f1.jpg,long_sleeved_shirt,7.jpg,darkslategray,winter,green
52d17190-aa9b-46ec-b7c1-6cd76247501c.jpg,long_sleeved_shirt,15.jpg,darkcyan,summer,mint
6f132788-db7b-4209-9599-518a477cf9b9.jpg,vest,12.jpg,black,winter,black
f0ee3305-3c6c-4b2d-a459-51d3b4b2d9d8.jpg,long_sleeved_outwear,10.jpg,black,winter,black
34533e1a-4d67-46d0-8511-9aded54d08dd.jpg,trousers,18.jpg,black,winter,black
e4b26243-17e7-4677-8ca8-40ba1cd46add.jpg,short_sleeved_shirt,18.jpg,black,winter,black
4ba4b901-1101-44ab-837b-0e613c3c9a40.jpg,short_sleeved_shirt,17.jpg,lavender,winter,purple
c83dc499-efed-4b38-ac25-44f66107b13a.jpg,short_sleeved_shirt,13.jpg,lightgray,winter,gray
b2f0cbf3-5c53-49a7-ae6c-9a3f9e794b56.jpg,short_sleeved_shirt,11.jpg,yellowgreen,spring,yellow
8e826410-a76d-440a-95a9-ae7b2bc169fb.jpg,short_sleeved_shirt,14.jpg,lavender,winter,purple
e6001bf2-19c6-4cec-993b-473c212116f5.jpg,trousers,27.jpg,darkslategray,winter,green
8aee12d5-f4a9-45d5-b43c-44acec249b28.jpg,short_sleeved_shirt,27.jpg,black,winter,black
c8fa0dba-fdef-481e-9989-9609442287a0.jpg,trousers,23.jpg,black,winter,black
910697ca-fea3-4adf-a5ba-c8cc64de7338.jpg,trousers,22.jpg,darkslateblue,winter,purple
26a4139a-9a8c-4a08-8a8c-b97e93652610.jpg,long_sleeved_shirt,22.jpg,darkslateblue,winter,purple
515417f4-d09e-45e4-a61e-54d4486a77ee.jpg,long_sleeved_shirt,19.jpg,sienna,autumn,brown
370e9a33-cee3-4c6d-a55e-9d58592795c0.jpg,trousers,19.jpg,black,winter,black
b6f548e3-3d11-4195-a4b9-20fd550af5fa.jpg,trousers,21.jpg,black,winter,black
d78b6585-22ef-46a0-8ea0-b5f8f83a2a96.jpg,long_sleeved_shirt,21.jpg,black,winter,black
ec8b7448-e055-4add-9187-462474cd7ef6.jpg,trousers,36.jpg,black,winter,black
62a5261f-870e-44ca-8ab4-bf2759c4290c.jpg,long_sleeved_outwear,37.jpg,gray,winter,gray
002e618b-c294-4e5a-bf68-34ad7acecbae.jpg,trousers,37.jpg,darkgray,winter,gray
3ab35bbd-2052-4360-b519-b7dbc89bbe8f.jpg,long_sleeved_shirt,28.jpg,darkslategray,winter,green
c3b677af-8a54-4819-a5fa-e1fbfe8e2eea.jpg,short_sleeved_shirt,30.jpg,black,winter,black
7bbdc76f-e881-48d9-a54c-6f17d3a8f211.jpg,trousers,30.jpg,black,winter,black
6b2ff940-996e-4cf5-baee-1be1c97020b3.jpg,long_sleeved_shirt,32.jpg,hotpink,summer,pink
41a71aaf-075a-47d7-99b8-4d9517fff6c6.jpg,short_sleeved_shirt,32.jpg,hotpink,summer,pink
8d33e254-4d17-4079-bf19-c961ab477fc7.jpg,trousers,34.jpg,darkslategray,winter,green
afdfed2c-61df-4501-af72-c7c2172f0ea2.jpg,short_sleeved_shirt,34.jpg,lavender,winter,purple
dbc8dd3d-69ed-477f-82fc-026f726c05c7.jpg,shorts,42.jpg,black,winter,black
ccbfdf3a-a514-42f6-bac4-034654ac6ebf.jpg,vest,42.jpg,steelblue,autumn,blue
2473741a-8a74-45d7-9b23-f239e63d93df.jpg,trousers,40.jpg,darkslategray,winter,green
11b41c68-7463-4af4-8ef9-f1c350a0cfa8.jpg,long_sleeved_shirt,40.jpg,olivedrab,spring,green
bd6a7dbd-c683-42ab-8239-f0db20059307.jpg,short_sleeved_shirt,40.jpg,olivedrab,spring,green
cb5a3e68-f0a5-4022-8b5c-050286e243ce.jpg,trousers,38.jpg,darkslategray,winter,green
ed3ef4a5-ae70-4613-a097-f84a47c6ab9d.jpg,short_sleeved_shirt,39.jpg,darkgray,winter,gray
34ad6a6f-7b41-4c9f-bbce-ebd950f65779.jpg,trousers,43.jpg,black,winter,black
06f8090b-72ea-44de-b6fa-36433978f3eb.jpg,long_sleeved_outwear,44.jpg,red,spring,red
287b035e-21a1-45f0-a2a3-986e7e7fb953.jpg,trousers,44.jpg,rosybrown,summer,brown
70b2b6a8-fb08-464d-8bda-accd207bdafb.jpg,short_sleeved_shirt,44.jpg,red,spring,red
3b30b664-8bdf-4c06-ac05-d9f61cf9cd8b.jpg,trousers,53.jpg,darkslategray,winter,green
75f6e6ca-85ae-437c-8f37-5de230d5b503.jpg,long_sleeved_shirt,53.jpg,darkslategray,winter,green
0043bb63-e8c1-4ba2-b267-d93a61d2cb00.jpg,short_sleeved_shirt,48.jpg,gainsboro,winter,gray
b4f27c4c-72d3-40f5-9131-055757b2f0b5.jpg,long_sleeved_shirt,51.jpg,black,winter,black
46d5b537-d7a7-49f4-a61a-9cdeb10c0b3a.jpg,long_sleeved_shirt,55.jpg,gainsboro,winter,gray
7326d779-f120-4ac9-9f8c-50217a410e49.jpg,trousers,55.jpg,dimgray,autumn,gray
a2e77043-da1a-4aea-8597-1c3aff6fef7f.jpg,trousers,63.jpg,darkslategray,winter,green
250b420a-cdd1-42a6-9f5d-e6526031438e.jpg,long_sleeved_outwear,58.jpg,black,winter,black
528f83de-af0b-4b0c-96d1-73d7bfb05966.jpg,long_sleeved_shirt,58.jpg,black,winter,black
c9272cc6-ab17-4a6b-82a8-082df55c9a36.jpg,trousers,64.jpg,dodgerblue,summer,blue
b6a40d6f-94e9-46f4-9671-64bf566b2ada.jpg,trousers,62.jpg,rosybrown,summer,brown
6cfe1021-d148-479e-8451-b6d3f724a4c0.jpg,long_sleeved_shirt,62.jpg,silver,summer,gray
52e1ccff-bce7-4007-9716-33d5327a1c5e.jpg,short_sleeved_shirt,61.jpg,silver,summer,gray
003a6d6a-a1aa-45ed-a688-64eda8ea74bf.jpg,trousers,61.jpg,black,winter,black
df43145d-6023-4fad-83d1-c1de4967b5ba.jpg,shorts,61.jpg,black,winter,black
9c6c1b67-3d21-44d7-9ebb-8c7c24ba1b23.jpg,trousers,57.jpg,silver,summer,gray
3ff228b5-2a2c-4705-b90d-0682cda20f72.jpg,short_sleeved_shirt,57.jpg,silver,summer,gray
0be08a92-ebe4-4178-924f-ac12014c308c.jpg,trousers,73.jpg,tan,autumn,brown
9cceded1-6abe-43a3-8a00-34d4c5e56666.jpg,long_sleeved_outwear,72.jpg,black,winter,black
5a2f2f96-bd2b-494c-8b47-fb8f83919a02.jpg,trousers,72.jpg,black,winter,black
0613701b-8acd-499a-867a-5ef8985c1852.jpg,long_sleeved_outwear,70.jpg,darkslategray,winter,green
e1a8044f-c818-447a-98c8-3933eccfc2ec.jpg,trousers,70.jpg,dimgray,autumn,gray
0d6aa4c1-465f-4fd6-bfb5-6f10f3bb4af6.jpg,short_sleeved_shirt,70.jpg,darkslategray,winter,green
b20c4382-3ec1-47dc-80f0-0cd7057cf8e2.jpg,shorts,70.jpg,dimgray,autumn,gray
3efe4f69-efa4-46b3-b573-1ac40cdefcdc.jpg,long_sleeved_shirt,70.jpg,darkslategray,winter,green
e13cda6a-e680-4341-8ff0-0da45c0efb80.jpg,short_sleeved_shirt,82.jpg,sandybrown,autumn,orange
82ed9277-651e-402d-ba97-8b7b0c551bfc.jpg,trousers,82.jpg,darkkhaki,winter,green
eaae9c5e-8bc9-4037-ad08-8ec0fd653f39.jpg,shorts,79.jpg,gray,winter,gray
b13f1fd3-6618-4f8f-bc47-fbcc71ef20a2.jpg,long_sleeved_shirt,81.jpg,whitesmoke,winter,white
58da97d4-62d6-4714-8439-def88c2fc664.jpg,long_sleeved_shirt,83.jpg,black,winter,black
a194cf7d-d334-4c95-b346-cdb152b02a79.jpg,long_sleeved_outwear,85.jpg,darkslategray,winter,green
1bf58c69-5dab-4f22-a767-eb45dc87d3f4.jpg,short_sleeved_shirt,80.jpg,black,winter,black
4376e8db-9c36-42e2-8799-1b4b41e942a9.jpg,trousers,77.jpg,gray,winter,gray
92a829d3-9e0b-4db1-9361-9c301062e950.jpg,trousers,93.jpg,deeppink,summer,pink
c2770155-8fbb-4e76-af55-7c856ca1e6da.jpg,trousers,87.jpg,saddlebrown,autumn,brown
bcb79ec9-8fde-4b98-9a1f-60c4029b0aaa.jpg,short_sleeved_shirt,87.jpg,gray,winter,gray
5e45d515-8cb0-4bb1-bded-5cae28b198a3.jpg,long_sleeved_shirt,87.jpg,gray,winter,gray
441919ef-28f9-48f8-b12a-d0a25925a146.jpg,long_sleeved_shirt,89.jpg,orangered,spring,red
5abeb806-76f8-414e-a88f-49c0636337f6.jpg,long_sleeved_shirt,91.jpg,lightgray,winter,gray
c737444a-ebd8-46f6-a013-f5ada67b9b05.jpg,long_sleeved_outwear,95.jpg,antiquewhite,spring,white
2b01c361-288c-4fea-b576-498613e22b00.jpg,trousers,95.jpg,black,winter,black
4b9ae212-0e6c-4750-92a4-0434f9fc7107.jpg,short_sleeved_shirt,86.jpg,lavender,winter,purple
6d6dac53-0448-4e4d-a36c-f8f2f827c335.jpg,short_sleeved_shirt,103.jpg,gainsboro,winter,gray
accd5ddc-59f5-48bc-9d40-b8581bbcc347.jpg,trousers,103.jpg,sienna,autumn,brown
61d886cf-cad4-46c3-902d-c70304d157c1.jpg,trousers,101.jpg,yellowgreen,spring,yellow
510e0e42-4025-4eb1-a778-f8bd0fb8b1a9.jpg,short_sleeved_dress,97.jpg,darkgoldenrod,autumn,brown
1eca0367-d490-472a-beb5-64719eb0febb.jpg,short_sleeved_shirt,97.jpg,black,winter,black
0347eff6-adcd-4b64-b1b2-309c9ba7e672.jpg,trousers,99.jpg,black,winter,black
90ae1e57-b339-4e51-b2f1-2fdc1671fb4e.jpg,short_sleeved_shirt,114.jpg,saddlebrown,autumn,brown
2dcbe46a-129b-43b0-b7d9-eb4d26300fb6.jpg,long_sleeved_shirt,115.jpg,black,winter,black
d6dfb8bb-7c7c-4ab7-b2ae-38920070a2c8.jpg,trousers,115.jpg,black,winter,black
a8693bdb-6ed8-4c56-a99b-f72573f8e0ba.jpg,short_sleeved_shirt,116.jpg,dimgray,autumn,gray
22d380cd-5b27-4341-8a05-c9eb005d9c50.jpg,long_sleeved_shirt,116.jpg,midnightblue,winter,blue
9b78f9b4-a48b-42c2-99a8-384e725d8a47.jpg,trousers,108.jpg,black,winter,black
8d403306-50a5-494b-bf33-deaf64ec63d3.jpg,trousers,110.jpg,darkgray,winter,gray
b69b4679-00f2-4fad-a27f-c322155d9f33.jpg,long_sleeved_shirt,110.jpg,darkslategray,winter,green
eb35f3c2-4c23-482a-8125-e17becb6889b.jpg,skirt,110.jpg,darkgray,winter,gray
54c1a0a6-4912-429e-8acd-e6e8848bf9b6.jpg,skirt,113.jpg,black,winter,black
6c94e335-e3c4-4d2c-b672-b7425971dc2b.jpg,long_sleeved_shirt,113.jpg,black,winter,black
d29cf73a-2dea-4b9d-991c-d9b9eb42f082.jpg,long_sleeved_shirt,109.jpg,gainsboro,winter,gray
07596337-dfe1-4c5e-99e0-7d2a9db33f31.jpg,long_sleeved_shirt,120.jpg,darkslategray,winter,green
0b143b50-85ba-4ece-b0c0-a34a1f0eaaf8.jpg,short_sleeved_shirt,117.jpg,lavender,winter,purple
9f7f04ad-a3d8-492f-b743-c9c34aa89e01.jpg,trousers,117.jpg,goldenrod,spring,yellow
68ca43ec-aa3f-4a04-9650-b057411b1166.jpg,long_sleeved_outwear,124.jpg,gainsboro,winter,gray
5820e5f8-d77e-4d25-934e-cc778861a1ab.jpg,short_sleeved_shirt,123.jpg,darkgray,winter,gray
1bb3adcf-4e0a-4588-a15f-b476dfd37efb.jpg,shorts,123.jpg,darkgray,winter,gray
06d95856-cc14-42d2-98bf-4602d0170965.jpg,trousers,118.jpg,black,winter,black
9c82fa13-99fd-4d67-b077-3352ef3c69be.jpg,short_sleeved_shirt,119.jpg,lightgray,winter,gray
2d58e2da-255e-4f79-9f82-c26dc2171af2.jpg,trousers,119.jpg,black,winter,black
011c36d4-4d13-4efc-80b7-b574cca212e6.jpg,trousers,121.jpg,darkslategray,winter,green
df541227-5517-40ac-86f2-dd462f7b592a.jpg,long_sleeved_shirt,121.jpg,darkslategray,winter,green
82d636d2-af83-4f83-bdce-c14b3a302e59.jpg,trousers,122.jpg,black,winter,black
2da17435-8018-4731-8fc8-163caee96808.jpg,short_sleeved_shirt,122.jpg,dimgray,autumn,gray
8a62a717-a6fe-4a2e-b0fd-d5e6d852c485.jpg,long_sleeved_shirt,122.jpg,dimgray,autumn,gray
aff226ca-3159-4757-90f2-d90adaeb1a04.jpg,long_sleeved_shirt,133.jpg,black,winter,black
d373702d-167b-4dc9-a81f-f8d7a5c6705b.jpg,skirt,133.jpg,black,winter,black
a65d9c19-0de5-4cde-8dcc-5600b7259fcc.jpg,long_sleeved_shirt,127.jpg,darkgray,winter,gray
de5dab76-c023-4e0d-b60f-a2315a652225.jpg,trousers,137.jpg,dimgray,autumn,gray
37d11d47-9542-4dad-937e-de23a1a1d425.jpg,short_sleeved_shirt,137.jpg,dimgray,autumn,gray
c2fa53d7-1fa8-4d58-afb1-e6512fbba6a3.jpg,trousers,146.jpg,black,winter,black
c9f93b1a-b1c7-444f-a170-8377a6f49726.jpg,short_sleeved_shirt,144.jpg,black,winter,black
499628f2-208a-4e2f-adc4-a318969f523b.jpg,long_sleeved_outwear,142.jpg,gray,winter,gray
ffd3cc02-d598-4e9c-9173-c067427c7de7.jpg,trousers,142.jpg,black,winter,black
7786def0-9c07-4841-bcf6-a3e6767bada0.jpg,long_sleeved_outwear,138.jpg,palevioletred,winter,pink
7e9896b3-e0f5-4929-af51-fc3b11efb56b.jpg,long_sleeved_outwear,143.jpg,palevioletred,winter,pink
fcda3b3d-04db-40be-9ae1-9aa4ccda2f09.jpg,long_sleeved_shirt,143.jpg,palevioletred,winter,pink
7fedfd68-77aa-48fc-891f-6ec5e0ee9902.jpg,short_sleeved_shirt,140.jpg,darkseagreen,autumn,green
dc22c496-3f0c-45e8-97d8-f026fca16d57.jpg,trousers,136.jpg,black,winter,black
62ea11ec-b07e-4916-9e40-2bcfad1e31f3.jpg,skirt,153.jpg,lightgray,winter,gray
19240223-3f68-434c-8ea0-8c4420be2057.jpg,long_sleeved_shirt,153.jpg,lightgray,winter,gray
29318480-6424-489a-8f90-3fff7c6c4be5.jpg,short_sleeved_shirt,152.jpg,darkslategray,winter,green
48759ac1-d457-41cc-a424-940502997feb.jpg,trousers,151.jpg,black,winter,black
c27eb245-7dd9-4d44-9413-4cb834d8a605.jpg,trousers,151.jpg,silver,summer,gray
8d4f33b4-a137-4b01-9d40-2447a52dc3db.jpg,short_sleeved_shirt,151.jpg,midnightblue,winter,blue
087282cf-3248-44e4-9d60-d0e7e45ea36e.jpg,trousers,147.jpg,black,winter,black
8e1e0247-cf50-4e57-b4d5-61043cf7b239.jpg,long_sleeved_shirt,147.jpg,goldenrod,spring,yellow
b8f41142-35c3-4b59-a3bc-c3c2609fc165.jpg,long_sleeved_shirt,148.jpg,lightgray,winter,gray
80ff3af5-b4aa-4722-a230-03ed22258145.jpg,trousers,164.jpg,darkgray,winter,gray
4634113d-eb72-41b1-9692-bb705b5c1561.jpg,long_sleeved_shirt,164.jpg,darkslategray,winter,green
a555a854-e850-4742-975e-6a10095194ab.jpg,long_sleeved_shirt,160.jpg,dimgray,autumn,gray
516c1ec4-b8b4-471c-95a4-103f56790aba.jpg,skirt,160.jpg,dimgray,autumn,gray
6cf5b665-1586-46ec-82ce-899be98376e9.jpg,long_sleeved_shirt,158.jpg,tomato,spring,red
06026207-e8b2-4b12-9f6e-3d787fc61834.jpg,trousers,166.jpg,black,winter,black
4a71c883-b268-417a-b3c5-c58cf940251d.jpg,long_sleeved_outwear,166.jpg,darkslategray,winter,green
c8a3455b-56f9-4850-bc5e-30fc899e6fd4.jpg,short_sleeved_shirt,168.jpg,sandybrown,autumn,orange
66ab60bd-4c93-4016-b31e-68d693d62ef3.jpg,short_sleeved_shirt,169.jpg,silver,summer,gray
116a5c7e-721b-4077-afbe-013a460ec572.jpg,long_sleeved_shirt,170.jpg,wheat,autumn,brown
01ba4bef-b8e9-4889-876d-53ccc11eaef2.jpg,short_sleeved_shirt,170.jpg,wheat,autumn,brown
81a11dab-573e-409a-bc13-5c9e1c5dfc82.jpg,long_sleeved_outwear,170.jpg,tomato,spring,red
752b5ac9-5cea-4785-b75b-0c019708cb03.jpg,long_sleeved_shirt,173.jpg,indianred,autumn,red
507c67c9-94b4-41cc-8cd7-21f98b98774a.jpg,short_sleeved_shirt,173.jpg,darkgray,winter,gray
0cbcacaf-b5dc-4b34-9a14-8c1c83416a8c.jpg,trousers,179.jpg,darkgray,winter,gray
852265b8-67ad-4f21-86e3-c7da935ab793.jpg,long_sleeved_shirt,179.jpg,whitesmoke,winter,white
c89f680d-32e7-4aab-a733-fd984a0e77c5.jpg,trousers,178.jpg,silver,summer,gray
9c066864-50ec-4cbb-a978-999d9a41edb7.jpg,long_sleeved_outwear,174.jpg,skyblue,summer,blue
653bc2d8-7614-42b0-a8d9-ef5cad876b52.jpg,short_sleeved_shirt,175.jpg,mediumorchid,winter,purple
9010b918-9da4-4513-8360-b62a720b2216.jpg,skirt,175.jpg,darkorchid,winter,purple
4f836ff7-6730-42f2-aa8d-b93797b43602.jpg,shorts,175.jpg,darkorchid,winter,purple
45c79d49-0326-4d21-9029-0aaced310f79.jpg,trousers,186.jpg,darkslategray,winter,green
382a2b17-562d-4f9e-98ff-d55ee5971275.jpg,long_sleeved_outwear,186.jpg,darkslategray,winter,green
66604081-a552-4e89-b422-28b4fe6184d7.jpg,long_sleeved_outwear,181.jpg,darkslategray,winter,green
343f8ec5-4866-4162-ba1a-1df4926dfde2.jpg,long_sleeved_shirt,189.jpg,darkslategray,winter,green
e333e18f-cb05-4a50-84fb-4e7a6cfe21ee.jpg,trousers,189.jpg,darkslategray,winter,green
8dbbda14-2cbb-4b87-8f64-51bb84b8978d.jpg,trousers,182.jpg,brown,autumn,brown
19488c89-2d5d-4451-8bf7-645b0fc2e873.jpg,long_sleeved_shirt,182.jpg,darkslategray,winter,green
5e01b8df-9551-4c47-9dc1-983e3abd9626.jpg,trousers,188.jpg,crimson,autumn,red
a08e4dd0-41c1-4741-9193-fd7d2d2a18cd.jpg,trousers,188.jpg,darkslategray,winter,green
157f6a96-2591-42b9-9b40-35bba129e496.jpg,long_sleeved_shirt,187.jpg,black,winter,black
7e4b00bd-16a5-413f-b8c6-6f936e36ccc4.jpg,short_sleeved_shirt,187.jpg,black,winter,black
d86d7f1b-ae4b-4531-a5e0-621bfba4c2ae.jpg,shorts,185.jpg,dimgray,autumn,gray
3da55cb8-5101-4e9c-82c9-c1841e5a378c.jpg,skirt,185.jpg,dimgray,autumn,gray
fc983d17-352f-4463-95f3-6addc594c9b7.jpg,trousers,180.jpg,black,winter,black
87299e63-465b-4083-acac-147b155a7efa.jpg,skirt,180.jpg,black,winter,black
013a18e5-a9df-4153-9b46-73d54d2890eb.jpg,trousers,195.jpg,darkgray,winter,gray
25843095-4508-4a03-91d0-05f541ed3340.jpg,long_sleeved_shirt,195.jpg,lightsteelblue,summer,blue
0ef3e179-8791-48a4-a903-29639b88067b.jpg,long_sleeved_outwear,200.jpg,black,winter,black
45bf5576-7aaa-48da-b49e-4097a127ff17.jpg,long_sleeved_outwear,199.jpg,antiquewhite,spring,white
dbcbcb8d-b9eb-46df-a88f-1382d6d218ec.jpg,trousers,199.jpg,darkslategray,winter,green
dcf47a9b-6d53-49ba-8ccc-a7ee61199fef.jpg,long_sleeved_shirt,192.jpg,black,winter,black
145b8642-81d1-4b44-8905-0096bee7fe41.jpg,trousers,197.jpg,darkorange,spring,orange
55f8b282-496d-422f-ac68-0fdb67f78b2d.jpg,long_sleeved_shirt,193.jpg,silver,summer,gray
c80f64d7-c998-44e1-8c67-4f23aeb65faa.jpg,shorts,193.jpg,black,winter,black
0bdd8cd2-72dc-42ca-bc4a-5e1e664a386d.jpg,skirt,196.jpg,gray,winter,gray
2bfd739a-eb98-4d38-94a2-1bcc8d46cb54.jpg,trousers,205.jpg,black,winter,black
7fb10e29-3836-49fa-baec-769fb896aa7b.jpg,long_sleeved_shirt,205.jpg,lavender,winter,purple
0968d874-9918-4a90-a22d-849bc7ad6794.jpg,short_sleeved_shirt,202.jpg,black,winter,black
1dbd1169-7c72-4c13-96df-eb53ea1865d9.jpg,trousers,202.jpg,black,winter,black
b2c40eb2-9f51-4b97-b2c0-cf9b368e6d3a.jpg,long_sleeved_shirt,204.jpg,burlywood,autumn,white
35ccd386-0f71-41fd-ad7b-c51e14d24623.jpg,trousers,204.jpg,silver,summer,gray
371ab51e-072f-4a51-babe-f9fe22a7ebf3.jpg,trousers,207.jpg,black,winter,black
e320b4c0-0302-439e-bd7a-3d141b1bd5e5.jpg,long_sleeved_shirt,207.jpg,black,winter,black
b6860719-59f6-4c41-8bcb-f1884e0bf2e9.jpg,long_sleeved_shirt,209.jpg,darkkhaki,winter,green
d5959cce-66bc-400f-92e1-abc68918600b.jpg,trousers,209.jpg,black,winter,black
cd65fcb0-2e8d-47ad-a0dc-25a3dd7bdfea.jpg,long_sleeved_shirt,212.jpg,black,winter,black
d83e8823-0fbb-4c57-a325-26f51470b60d.jpg,trousers,212.jpg,black,winter,black
4f2ecd0a-414b-4a38-aafa-70ea43cffe6d.jpg,long_sleeved_shirt,210.jpg,dimgray,autumn,gray
0e7a675e-ccbe-4d66-a4be-6c392339bac2.jpg,skirt,211.jpg,tomato,spring,red
83b4c5d3-404a-4e6d-95da-0cbb83fff80e.jpg,trousers,220.jpg,darkslategray,winter,green
6ca3f11a-d0f1-4faf-8a46-0a88479cc284.jpg,long_sleeved_shirt,220.jpg,burlywood,autumn,white
b735b616-9dc7-43f9-a117-1505279c6565.jpg,trousers,221.jpg,black,winter,black
480c2cdf-ed21-4553-ac9f-ef1f153f9f4a.jpg,long_sleeved_shirt,221.jpg,darkorange,spring,orange
ffc0d5bd-c27c-421f-a86f-dc5ba417ab10.jpg,long_sleeved_shirt,222.jpg,silver,summer,gray
b6cfde16-5abc-4af3-9fe8-0519db82a20b.jpg,trousers,217.jpg,darkred,winter,red
a9f0d3c7-cf9e-4a74-b076-80e4abc634a7.jpg,short_sleeved_shirt,217.jpg,darkred,winter,red
a0bb7b09-8f97-487d-a84a-f6662d194eaa.jpg,short_sleeved_shirt,224.jpg,steelblue,autumn,blue
26cdbe41-7ba0-41e0-81e5-b8935f712d7d.jpg,trousers,232.jpg,dimgray,autumn,gray
57010f5e-a049-4307-959b-4508571ee4a0.jpg,long_sleeved_shirt,232.jpg,white,winter,white
d7f6bbd0-e0b1-47ae-b1f8-6115adf7e643.jpg,long_sleeved_shirt,225.jpg,darkslategray,winter,green
8f3d53e0-f8f0-4a63-a64c-e1a55fc2c4a1.jpg,trousers,225.jpg,dimgray,autumn,gray
780f1443-39b7-46ca-a305-2fe2bf60cca6.jpg,long_sleeved_shirt,223.jpg,darkgray,winter,gray
721c5c8e-6503-498d-8715-426c14e73c94.jpg,skirt,223.jpg,darkgray,winter,gray
cf984f40-fd89-46e4-9abb-3317e3e262aa.jpg,short_sleeved_shirt,235.jpg,darkgray,winter,gray
2d88bfa3-5019-421e-b811-a44ee7a8d45e.jpg,trousers,237.jpg,gray,winter,gray
bc9e5f01-c472-48fb-b2ea-5df6cc63f49b.jpg,long_sleeved_outwear,237.jpg,darkgray,winter,gray
ae4cf6ac-d3a3-4617-938a-1ce9511b43d4.jpg,long_sleeved_shirt,233.jpg,black,winter,black
b5f48743-142e-45ee-8d52-c24b3d25808b.jpg,short_sleeved_shirt,241.jpg,greenyellow,spring,green
1f2972b6-35d5-456a-9fc9-9b8f4a58c0d8.jpg,skirt,249.jpg,dimgray,autumn,gray
f2607a57-327e-4bff-ae9d-322913fcf1a0.jpg,short_sleeved_shirt,249.jpg,black,winter,black
9d451a3b-1f92-4fc0-9eff-0e79ada8630c.jpg,long_sleeved_outwear,248.jpg,silver,summer,gray
bc1a7fb5-9e01-4c61-a6e7-51a3aa83b9ad.jpg,long_sleeved_outwear,244.jpg,darkslategray,winter,green
672343eb-3089-4956-b5fc-fe7c56633e77.jpg,short_sleeved_shirt,245.jpg,silver,summer,gray
b32b1e4b-c459-4c8c-8599-c0526de1a982.jpg,trousers,256.jpg,black,winter,black
aa8791f9-a76a-40de-9d89-74b878ec8459.jpg,long_sleeved_outwear,256.jpg,saddlebrown,autumn,brown
47a5060c-61f7-48d3-bede-4783bc27163c.jpg,long_sleeved_shirt,253.jpg,black,winter,black
639e59f7-2520-46c1-96d0-fbacb3e9388d.jpg,skirt,262.jpg,black,winter,black
29fbdb20-f5a4-4217-b91f-93c34cfe929e.jpg,short_sleeved_shirt,262.jpg,black,winter,black
677e77ca-9c00-47c8-bec5-58fa10e9092d.jpg,short_sleeved_shirt,261.jpg,darkslategray,winter,green
f8dc1a08-f744-4741-abfb-02458c99d677.jpg,skirt,261.jpg,darkslategray,winter,green
bd27726c-878d-46a8-9b39-65103b710aa3.jpg,long_sleeved_shirt,258.jpg,lightgray,winter,gray
e31ec5ec-02ed-4bae-94e8-87b489cac66b.jpg,skirt,258.jpg,black,winter,black
dae28b4c-6cb2-4719-8fec-37d985e7aaec.jpg,trousers,259.jpg,black,winter,black
ba8ce4d9-05c5-4a55-98c5-020347866bdc.jpg,trousers,260.jpg,black,winter,black
e2d8310d-156f-4ed0-aff1-0ab527d15175.jpg,vest,260.jpg,black,winter,black
0475d7a1-65f9-473d-b79e-6cb83d9bf5d3.jpg,trousers,264.jpg,lightgray,winter,gray
2c9f7b91-8652-46af-90b4-a3a5ffee5bd4.jpg,long_sleeved_shirt,264.jpg,silver,summer,gray
5c8cf50f-bf37-492b-8b9d-04c1eac4dd77.jpg,short_sleeved_shirt,263.jpg,gainsboro,winter,gray
f418e4b0-3800-4f85-8f7a-696bd272eb04.jpg,trousers,263.jpg,darkslategray,winter,green
2456ff3b-4c74-424d-8bfd-ddb0c36abe45.jpg,short_sleeved_shirt,271.jpg,rosybrown,summer,brown
b9ac808d-e42b-4ecb-9094-f6a5fa9acd73.jpg,long_sleeved_outwear,271.jpg,black,winter,black
21ca1d6b-792a-4fbf-8cdf-ae47b79e795c.jpg,long_sleeved_shirt,273.jpg,black,winter,black
f75f285b-c52f-44bf-948a-881b0b247664.jpg,trousers,274.jpg,darkslategray,winter,green
30821ed8-a659-4417-aa0a-c94f8722941c.jpg,long_sleeved_outwear,274.jpg,darkslategray,winter,green
e6bf8f05-a5b0-4400-ae09-728f18121e91.jpg,skirt,269.jpg,silver,summer,gray
06e0dd38-3a29-4883-a864-8d33f60f7d9d.jpg,vest,269.jpg,silver,summer,gray
4d131a63-25e9-43a0-979e-2489c4e9ae8f.jpg,vest_dress,270.jpg,black,winter,black
8618a4df-9304-4c0a-9cb5-2c6cb8b562cc.jpg,long_sleeved_outwear,268.jpg,darkslategray,winter,green
7e128d41-15e6-409a-b5fb-8f425def7441.jpg,trousers,282.jpg,darkslategray,winter,green
b4545bf6-5fd4-4ca3-b173-e6b97adc9541.jpg,skirt,283.jpg,lightslategray,summer,gray
1cfb8c80-dd0b-4816-b908-707cf892b98e.jpg,long_sleeved_shirt,283.jpg,rosybrown,summer,brown
e947fb4d-5c06-4426-b441-f498290efd8f.jpg,short_sleeved_shirt,283.jpg,rosybrown,summer,brown
e47f118e-9d6f-4f76-965c-244c4afe02a3.jpg,short_sleeved_shirt,278.jpg,gray,winter,gray
96d57fe3-182a-4298-8dae-ddb2890bab72.jpg,short_sleeved_shirt,278.jpg,darkgray,winter,gray
df6d53d8-025c-4e3b-8f4a-1ee66eb6877c.jpg,skirt,284.jpg,gray,winter,gray
56dd1ca3-551a-4c46-8584-088c8ce9065e.jpg,short_sleeved_shirt,284.jpg,silver,summer,gray
df69a0a3-e1e9-4d6c-a6b7-bb435d109b52.jpg,long_sleeved_shirt,280.jpg,black,winter,black
0a274edb-a176-431e-907c-d135dfc9a401.jpg,skirt,280.jpg,black,winter,black
899e2009-a69b-48ff-a348-585ee90cf212.jpg,trousers,285.jpg,darkslategray,winter,green
cb5e2a64-c63f-4840-b971-d3fa5eeffe1e.jpg,skirt,285.jpg,darkslategray,winter,green
ea241b27-6333-4367-8b9c-1202b886fe87.jpg,long_sleeved_shirt,285.jpg,darkslategray,winter,green
63d01a40-ba5f-4835-a820-32053a12021a.jpg,long_sleeved_shirt,276.jpg,black,winter,black
6850a91b-c6a6-4a76-87b8-5ab85f118f99.jpg,vest,287.jpg,black,winter,black
ba521e93-58f0-4592-9e76-39757e7c8aac.jpg,skirt,287.jpg,black,winter,black
82f0b270-2382-421e-b1b4-56fdf1aa5ea0.jpg,long_sleeved_shirt,288.jpg,black,winter,black
0d68c540-10e1-4add-86af-dc882a5ff238.jpg,skirt,300.jpg,black,winter,black
593566d0-5cdc-492f-b0ae-5e864742a0eb.jpg,long_sleeved_shirt,300.jpg,black,winter,black
2148b8a6-27cb-4721-9634-b3a9f85cd7d9.jpg,short_sleeved_shirt,300.jpg,black,winter,black
ac8ee458-49ba-4cf1-ae5d-c37ffe95177b.jpg,trousers,293.jpg,whitesmoke,winter,white
f2c2689d-efba-4070-979b-6664a551561d.jpg,long_sleeved_shirt,293.jpg,black,winter,black
9771f49c-3f02-45bd-a269-062cdf9dd4f8.jpg,long_sleeved_outwear,295.jpg,black,winter,black
4ee22590-38bc-49ae-bcae-025b8aa57e21.jpg,trousers,295.jpg,black,winter,black
678cc228-7613-44a1-bd61-f4787b1a42b1.jpg,skirt,296.jpg,black,winter,black
74228580-1549-40e7-b712-0ad22992ac79.jpg,long_sleeved_shirt,296.jpg,gainsboro,winter,gray
3a35a8e7-baa4-4a94-9d59-1822d30e4c72.jpg,trousers,302.jpg,slategray,summer,gray
20522d00-0a78-4d07-a886-ef71749bae7c.jpg,long_sleeved_outwear,302.jpg,slategray,summer,gray
cef3444d-3b43-4320-877a-119abb1f0321.jpg,long_sleeved_shirt,298.jpg,midnightblue,winter,blue
e0b271bd-bc6a-45ff-acc0-582d7bc80699.jpg,skirt,292.jpg,dimgray,autumn,gray
d852dba2-e872-44df-9128-ff9edae28623.jpg,long_sleeved_shirt,292.jpg,black,winter,black
054b002f-e178-4d70-beee-81f48b7231c3.jpg,trousers,292.jpg,dimgray,autumn,gray
ab43c638-1d4c-4906-be48-cb8d652db073.jpg,trousers,291.jpg,gray,winter,gray
c5a635ea-80f5-4554-b395-379d6bc55418.jpg,long_sleeved_shirt,291.jpg,black,winter,black
84c686d9-7243-4645-b840-b1a25617a329.jpg,short_sleeved_shirt,290.jpg,rosybrown,summer,brown
c576960d-46ef-4975-b648-e6545b84d99d.jpg,trousers,290.jpg,darkgray,winter,gray
3ca5e7bf-cc29-4d22-b249-e9aea07258bd.jpg,short_sleeved_shirt,299.jpg,rosybrown,summer,brown
1e2a1082-c963-4226-a4a8-37051327c00e.jpg,trousers,297.jpg,black,winter,black
3c40b21c-56dc-43ab-917c-5de35d2c7fcc.jpg,skirt,310.jpg,black,winter,black
d3862f1a-e6d8-478c-82a2-6ebee4328799.jpg,long_sleeved_shirt,310.jpg,black,winter,black
a375dc63-3707-4e97-befd-aadaca5a94e4.jpg,long_sleeved_shirt,307.jpg,dimgray,autumn,gray
ba432f7a-89f4-4a8d-95d1-c088895a0517.jpg,trousers,307.jpg,dimgray,autumn,gray
6f170be1-c75c-45c9-8fae-9fddf15949cf.jpg,short_sleeved_shirt,303.jpg,darkslategray,winter,green
e0a15a1e-56cc-4439-966b-8a0b65bd2dd7.jpg,trousers,313.jpg,black,winter,black
d4f99c95-0a7c-4e4c-99c8-2eb7bf4ec9eb.jpg,long_sleeved_shirt,306.jpg,black,winter,black
172b1cb0-1cb3-4aad-aa73-c5664fdae8eb.jpg,skirt,306.jpg,black,winter,black
90b85d00-661d-41fe-8e3d-7fa556717ac3.jpg,trousers,311.jpg,silver,summer,gray
262fedac-4afd-4bf9-b627-8612ccef8149.jpg,trousers,308.jpg,black,winter,black
d2872d6a-1516-4b7e-a063-de67c2245ec5.jpg,long_sleeved_outwear,309.jpg,black,winter,black
e6815cbc-30bc-4b23-9a1f-080c97cc6b85.jpg,short_sleeved_dress,319.jpg,darkslategray,winter,green
ff8ee482-586d-4a0b-b6ba-6547cc569b9e.jpg,short_sleeved_shirt,321.jpg,black,winter,black
99647268-b9bf-4795-91fd-c2950b2dd9c5.jpg,short_sleeved_shirt,322.jpg,darkslategray,winter,green
e6922fa7-a326-4e52-afd7-118deff6d4c6.jpg,long_sleeved_outwear,316.jpg,black,winter,black
e3020288-e85d-43c6-a721-b444d10614fa.jpg,short_sleeved_shirt,314.jpg,darkslategray,winter,green
0d36cd80-eb2e-45a4-b7ca-c36e3b5ceb4a.jpg,trousers,314.jpg,tan,autumn,brown
e8975dd7-8f06-4a39-a158-b6c8db12bd98.jpg,long_sleeved_outwear,320.jpg,darkslategray,winter,green
6af15de9-4be1-4f68-924e-16ca98f393e8.jpg,long_sleeved_shirt,323.jpg,darkgray,winter,gray
821e695e-3695-473a-8b0e-0a5c3232e950.jpg,long_sleeved_outwear,315.jpg,lightgray,winter,gray
0777484c-b781-4c49-b566-0892ec146ae4.jpg,trousers,315.jpg,silver,summer,gray
d996e157-d04a-4125-b347-4a4b94d58e97.jpg,trousers,328.jpg,black,winter,black
40bd2a07-2536-43f7-a6da-85ffc2f15f82.jpg,long_sleeved_shirt,328.jpg,gainsboro,winter,gray
a7329697-3945-4f62-b5a9-78d4ea5ad819.jpg,long_sleeved_shirt,330.jpg,darkslategray,winter,green
c59113a5-a41d-4482-b083-b1474c50b9f5.jpg,trousers,330.jpg,black,winter,black
c0a0c980-987f-4a33-b1d9-5c246fee68f2.jpg,skirt,335.jpg,black,winter,black
1e29c810-1487-4278-bb14-327af8e11104.jpg,short_sleeved_shirt,335.jpg,darkgray,winter,gray
df9a84ec-9d00-4323-a529-483cfd79f6c0.jpg,trousers,327.jpg,black,winter,black
202fdced-9f8c-40b2-9610-cbbdd3498b2c.jpg,trousers,325.jpg,black,winter,black
17184dd9-32e1-4391-8e1c-056e9456c43a.jpg,trousers,333.jpg,black,winter,black
213a1957-944b-4d38-809b-eb041a45b8e7.jpg,trousers,334.jpg,lightslategray,summer,gray
ae926ed0-b11d-4ee7-bf2f-f539a6cb182a.jpg,trousers,332.jpg,darkslategray,winter,green
8ef6fbd1-a18d-48bf-9c3d-85c8b3750bd4.jpg,short_sleeved_shirt,332.jpg,rosybrown,summer,brown
0dd5a45f-73ae-46be-aeb9-dd33b34864cf.jpg,skirt,336.jpg,thistle,summer,purple
f7ae2df7-d5ed-4b79-8d9e-9ce95ef02926.jpg,short_sleeved_shirt,336.jpg,darkslategray,winter,green
67e4697f-b998-46e6-81ff-4acd1fc8f89e.jpg,trousers,337.jpg,silver,summer,gray
668e7ad6-c2cb-4dbe-bc13-18daba083cbb.jpg,skirt,344.jpg,black,winter,black
d4f24e82-b40a-4af8-9d38-342caafd1845.jpg,trousers,344.jpg,black,winter,black
764f4ed3-09e5-4bd0-885b-59ccfe242c46.jpg,trousers,342.jpg,darkgray,winter,gray
2257c7a1-7bde-41d9-bda4-9ca0a62b697c.jpg,trousers,347.jpg,black,winter,black
4c5a71ba-1c55-4feb-9c6b-8dd81bfb7274.jpg,long_sleeved_shirt,341.jpg,dimgray,autumn,gray
527d1b73-39e7-4f0f-8fe5-0d9e022fd0c0.jpg,long_sleeved_outwear,346.jpg,silver,summer,gray
760c9f3f-90ff-4be0-91a3-0aa6ddbe36f9.jpg,short_sleeved_shirt,338.jpg,black,winter,black
49307bed-78c6-4605-9c5d-860519bc4d42.jpg,trousers,338.jpg,darkslategray,winter,green
6c918c68-726f-4711-ab50-4b044233fc31.jpg,skirt,338.jpg,darkslategray,winter,green
ca3d500a-7158-4440-9258-ddc4c1fe4672.jpg,long_sleeved_shirt,339.jpg,darkgray,winter,gray
16691bed-44d0-4fb0-9161-d4faade84dee.jpg,skirt,339.jpg,gray,winter,gray
24a4f584-5591-47b9-aeea-d21522ea2e48.jpg,trousers,357.jpg,black,winter,black
00502709-e6b1-4e49-a006-0e5e625ed227.jpg,long_sleeved_shirt,352.jpg,silver,summer,gray
e9d419c0-45fe-4f53-8001-db26dab8f3b7.jpg,skirt,352.jpg,black,winter,black
6f77d104-3ac4-4ee2-8759-cdc14883e137.jpg,short_sleeved_shirt,352.jpg,silver,summer,gray
518e06db-19e6-4547-a658-0f3d707c8eea.jpg,long_sleeved_outwear,354.jpg,lightgray,winter,gray
cc3fd656-cd81-4ab4-8aa0-9c4a0492fb95.jpg,trousers,350.jpg,lightgray,winter,gray
62f6ebf0-6cdf-4614-8556-f7e541dc538e.jpg,shorts,350.jpg,lightgray,winter,gray
3710ed88-a669-4e60-94c8-58a5e2c4472b.jpg,long_sleeved_shirt,353.jpg,burlywood,autumn,white
1a2b4789-d527-4df2-a342-fb575d6da4bd.jpg,trousers,348.jpg,darkslateblue,winter,purple
ce971be3-6ab9-4d61-a83c-7657f1332c97.jpg,long_sleeved_shirt,348.jpg,rosybrown,summer,brown
c55d9919-81f3-43ec-a51e-8af5758e8420.jpg,long_sleeved_outwear,358.jpg,darkslategray,winter,green
21d7f11b-19ca-4433-88a9-590d5852aff8.jpg,trousers,358.jpg,darkslategray,winter,green
cab4ce67-7f1a-42d8-be6b-7e35a5b6ca0f.jpg,trousers,356.jpg,black,winter,black
0940844f-5f7b-4753-8e33-09103a61af82.jpg,trousers,356.jpg,black,winter,black
c217d6bb-aa2a-4afb-892a-3c96fff59ed9.jpg,vest_dress,356.jpg,dimgray,autumn,gray
80322ea1-1296-4b6f-8a62-1b87b1f6c14f.jpg,long_sleeved_outwear,359.jpg,black,winter,black
e44035dd-422c-488a-aef4-da9159e23a2d.jpg,trousers,355.jpg,midnightblue,winter,blue
25f5b100-8732-44b4-abb5-fa04526c4ad8.jpg,short_sleeved_shirt,355.jpg,dimgray,autumn,gray
68d6fb6b-f3d2-463b-a7d1-20b112b9b1b3.jpg,vest,355.jpg,dimgray,autumn,gray
7e312309-7d10-43fd-baff-d75b641e5a18.jpg,short_sleeved_shirt,349.jpg,black,winter,black
f509763e-e351-4242-86c7-67b5d430f9ce.jpg,long_sleeved_outwear,369.jpg,darkslategray,winter,green
eb46d047-b0a6-474d-9339-5de1a54e496b.jpg,skirt,366.jpg,black,winter,black
984953ef-78ed-482f-9400-1217be6b1d46.jpg,long_sleeved_shirt,366.jpg,black,winter,black
3cfc9fc9-27a4-4c1e-9d2b-ea324918675f.jpg,trousers,365.jpg,black,winter,black
750fc771-3e47-4cf6-a45e-0fefe4476de4.jpg,long_sleeved_shirt,365.jpg,black,winter,black
4554a972-1926-4cd7-9a09-2136ad3cb51c.jpg,skirt,360.jpg,black,winter,black
ca3d2c71-591e-4aac-a056-c441100348fb.jpg,long_sleeved_shirt,360.jpg,rosybrown,summer,brown
0b8d4908-53fb-4ee5-bfef-855743cd9bfc.jpg,vest_dress,363.jpg,black,winter,black
0a657d47-edec-4c4d-b9e7-1a2ce0aeb1e8.jpg,skirt,363.jpg,black,winter,black
aa1b14a7-723e-438a-afd6-3cdc67564f1f.jpg,trousers,361.jpg,black,winter,black
4fc1121e-86e6-4d41-a173-e903d3d2e31a.jpg,long_sleeved_shirt,361.jpg,darkslategray,winter,green
8d3bcf8d-4635-4510-96f9-385dd2d65d83.jpg,long_sleeved_outwear,367.jpg,gray,winter,gray
53368581-1ea1-42bb-b646-813373704c85.jpg,trousers,362.jpg,black,winter,black
c8940642-9777-49d9-870c-61cf7a441309.jpg,long_sleeved_shirt,362.jpg,black,winter,black
15a591eb-8a3b-4cfb-a6a4-4f0f4bf284cf.jpg,trousers,364.jpg,steelblue,autumn,blue
2b2e1f92-2d9d-40c4-ad66-f51588b26115.jpg,skirt,368.jpg,black,winter,black
f80dc20f-2204-4482-94dc-6dc29537afff.jpg,trousers,374.jpg,black,winter,black
4476c0ef-fe5f-4d0b-be4d-312f49bd8853.jpg,skirt,380.jpg,dimgray,autumn,gray
c9babf39-72a7-4c61-8f66-0c7bd8930cb6.jpg,short_sleeved_shirt,380.jpg,darkslategray,winter,green
61659d4e-99c4-4958-bf08-ba16c9350b1e.jpg,trousers,381.jpg,black,winter,black
2a590148-c861-4d28-a496-15ee6eec895b.jpg,skirt,381.jpg,black,winter,black
e1a00e16-727a-4ce8-a412-57144ac8b583.jpg,short_sleeved_shirt,381.jpg,black,winter,black
e651a308-4825-4645-bb4b-23489fa8ac9c.jpg,long_sleeved_shirt,371.jpg,plum,winter,purple
8f339693-e491-483e-8ea8-823f9425db9e.jpg,trousers,371.jpg,mediumvioletred,summer,pink
7381e584-9e3a-4064-9f06-78b4f409de21.jpg,long_sleeved_shirt,378.jpg,black,winter,black
d64cf95f-6d02-460f-a8f6-de225b3ca5a8.jpg,skirt,378.jpg,gainsboro,winter,gray
9844bcfc-4cf4-472a-941c-45dc61ea31e7.jpg,skirt,379.jpg,silver,summer,gray
ab23d5ed-b484-4391-98c0-e4cf812a9ef3.jpg,trousers,379.jpg,rosybrown,summer,brown
04a97245-2c86-4b3f-a909-e8781d2ee1b2.jpg,long_sleeved_shirt,379.jpg,dimgray,autumn,gray
87c3ecdc-20bb-47a8-9a41-f3534178640d.jpg,trousers,370.jpg,darkslategray,winter,green
540e3469-5c32-41cf-8e50-63dd5c1f0fa5.jpg,trousers,376.jpg,black,winter,black
1ed7e8b2-1b46-4cb3-872b-59dd71b26e38.jpg,long_sleeved_shirt,376.jpg,gainsboro,winter,gray
fc0798b5-60cd-4a65-9feb-90ef0d9310c7.jpg,trousers,389.jpg,black,winter,black
b5959da3-6f64-44e5-be37-df00288570f3.jpg,short_sleeved_shirt,389.jpg,rosybrown,summer,brown
85f28e9c-f70f-419d-8154-6fd32ea6a19c.jpg,short_sleeved_shirt,388.jpg,palevioletred,winter,pink
787fea99-d85d-4d80-824f-5aaede6c0e48.jpg,trousers,391.jpg,black,winter,black
56e18626-28d3-4f6b-b416-aac291f0ced7.jpg,long_sleeved_shirt,391.jpg,black,winter,black
e51031ef-7b01-47e9-99bd-eda737060ded.jpg,short_sleeved_shirt,384.jpg,thistle,summer,purple
ff16f726-e529-49a5-9643-82dea7f7ac7b.jpg,long_sleeved_shirt,390.jpg,black,winter,black
f77a0340-b8dd-484b-bbe5-63eb314f472d.jpg,long_sleeved_shirt,395.jpg,silver,summer,gray
26c6189a-5adb-44de-be4d-bfe53c8ee101.jpg,long_sleeved_shirt,393.jpg,black,winter,black
76d0cee7-bbf3-4c0d-ac0a-3d2057bad33b.jpg,trousers,400.jpg,black,winter,black
7f4cd4cd-eaba-45ba-8e6c-20abb669373e.jpg,long_sleeved_shirt,400.jpg,black,winter,black
6a792164-ab06-48b5-8f00-1eb49e5b72a0.jpg,short_sleeved_shirt,392.jpg,darkgray,winter,gray
0ec0c037-38f7-474e-b2f5-e9dfa1d42471.jpg,long_sleeved_shirt,394.jpg,black,winter,black
916822b3-726c-42c9-b61f-fb3f8442c9f5.jpg,skirt,394.jpg,black,winter,black
41a2645b-f539-41bf-8543-dd551f7a1b4f.jpg,long_sleeved_outwear,401.jpg,black,winter,black
87ca11b1-51ee-44c2-a2df-dacb61fd919e.jpg,long_sleeved_shirt,398.jpg,black,winter,black
328267ea-e82f-44cc-bf9e-2363652e720c.jpg,skirt,398.jpg,darkslategray,winter,green
fd69c9f9-c027-483d-a921-1e6e27fff31b.jpg,skirt,403.jpg,darkgray,winter,gray
3d76ab6a-2a35-4810-8c29-f0e4c8519e56.jpg,long_sleeved_shirt,411.jpg,linen,autumn,white
f6fa619e-a013-4028-b0db-108e9be6fce9.jpg,trousers,411.jpg,black,winter,black
21c9591e-87b1-405c-ac57-75c0cfc0bfd8.jpg,skirt,404.jpg,darkslategray,winter,green
01e4c807-3b3c-475b-ad08-e938c7a3ebb5.jpg,trousers,404.jpg,darkslategray,winter,green
f149b235-e9a7-4bc5-b8b5-d0ac7edba7e8.jpg,long_sleeved_shirt,407.jpg,black,winter,black
1e3cc16e-7d64-482d-a4ad-ad962be74bcd.jpg,trousers,407.jpg,lightgray,winter,gray
86d718ab-5fe3-48f2-9502-e81e829c603b.jpg,long_sleeved_shirt,405.jpg,black,winter,black
8f00ee73-5cde-4d8b-958b-4b97c808c176.jpg,long_sleeved_outwear,405.jpg,black,winter,black
ae96a304-7e96-4f8d-99a2-c9a051ab2df9.jpg,trousers,405.jpg,dimgray,autumn,gray
bf0b6f41-fcfd-4105-8e97-fe8a70d89920.jpg,vest,410.jpg,lightsteelblue,summer,blue
fc16522a-324f-4d9b-9fcf-96e31cec93ae.jpg,trousers,408.jpg,gainsboro,winter,gray
dec785ac-ab79-4a84-a717-2395ad698f8f.jpg,short_sleeved_shirt,408.jpg,dimgray,autumn,gray
31524c57-7041-434f-9106-a23321f441b1.jpg,trousers,406.jpg,black,winter,black
68c4fd67-255f-4c69-8921-eb199c6b1110.jpg,skirt,422.jpg,black,winter,black
1d0e3d12-2993-407f-8cb9-c7631639b7f2.jpg,short_sleeved_shirt,422.jpg,thistle,summer,purple
230ad796-94fb-440b-af79-8caf044d41aa.jpg,skirt,418.jpg,darkslategray,winter,green
61605faa-5095-455a-b2eb-2d4e4a79cd05.jpg,skirt,413.jpg,darkslategray,winter,green
08694021-8d5b-4633-9405-b5b6260ac8f4.jpg,trousers,413.jpg,darkslategray,winter,green
28620e74-2959-469b-9e0f-9feec68df8e5.jpg,trousers,420.jpg,black,winter,black
61d3abb3-ae8d-43d0-b878-4efdfc0e635d.jpg,trousers,417.jpg,darkslategray,winter,green
ed247406-06d8-440d-97f8-aec9ecf21d87.jpg,long_sleeved_outwear,417.jpg,darkslategray,winter,green
5accac81-a7ea-4e9e-8dfa-cdb45cbcbe50.jpg,skirt,416.jpg,gainsboro,winter,gray
a4872332-e05a-4d3f-b608-d4e4e33d10f0.jpg,short_sleeved_shirt,416.jpg,black,winter,black
42015b92-8527-4fcc-861c-b509a64f4fd8.jpg,trousers,416.jpg,gainsboro,winter,gray
5de5f9e1-d195-4641-9b40-a73a09035493.jpg,skirt,415.jpg,darkslategray,winter,green
55231fe3-5ccb-473f-8f62-af9463a49198.jpg,skirt,414.jpg,darkslategray,winter,green
f9d112ec-8fc7-427e-9592-d1f2d3e95c22.jpg,trousers,432.jpg,black,winter,black
5cbe9b41-63c0-4ff5-b692-91ca9d9bf392.jpg,short_sleeved_shirt,427.jpg,rosybrown,summer,brown
b2e83e04-ee98-4e2c-9e3d-8fcad2de09d7.jpg,long_sleeved_outwear,426.jpg,black,winter,black
9a001574-7577-48cf-992b-9c773cb4be49.jpg,skirt,428.jpg,dimgray,autumn,gray
736e5633-595e-485b-9210-dca4956f5744.jpg,long_sleeved_outwear,428.jpg,silver,summer,gray
91c84ce3-a57b-4fd5-9306-6d7a8937604a.jpg,long_sleeved_shirt,428.jpg,silver,summer,gray
66bfb03c-1097-4488-9b36-173f2cbd1ab0.jpg,trousers,423.jpg,darkgray,winter,gray
2a7ef7d9-65b7-4683-a79b-9cb3b02ad104.jpg,long_sleeved_outwear,442.jpg,lightgray,winter,gray
6f33601c-d99c-4fed-a32f-adbe8d883e54.jpg,trousers,439.jpg,dimgray,autumn,gray
4aecf14e-5514-452c-b6c9-e80e6b098a62.jpg,long_sleeved_outwear,439.jpg,black,winter,black
e4f261c4-8b38-4846-b927-8b9e8fb50570.jpg,skirt,438.jpg,wheat,autumn,brown
1ca5be41-462c-4c81-a979-2fda37b1b597.jpg,skirt,444.jpg,black,winter,black
cb2cd5c2-6b53-4b2a-b4f0-c706c89f05ec.jpg,long_sleeved_shirt,444.jpg,dimgray,autumn,gray
345e8ecc-6d49-4171-9eeb-2f2e528cb825.jpg,skirt,440.jpg,black,winter,black
85f667ae-7374-40a4-8d91-5c2e9141cc66.jpg,long_sleeved_shirt,440.jpg,silver,summer,gray
ad42dee7-9059-4d38-9541-516f5aac0740.jpg,long_sleeved_shirt,452.jpg,darkslategray,winter,green
3d45a820-a398-4361-b18d-f893a3062b59.jpg,long_sleeved_shirt,455.jpg,silver,summer,gray
17cd955e-485e-467e-bbe4-e288b991ab55.jpg,skirt,455.jpg,black,winter,black
247a9911-3726-439f-8986-d5f5d7f78ab3.jpg,trousers,446.jpg,silver,summer,gray
06ec7b60-2e0d-49ba-b89a-a355bdb9382e.jpg,long_sleeved_shirt,446.jpg,dimgray,autumn,gray
69d09adf-6218-48ab-8afb-0dc8818c7dd1.jpg,long_sleeved_outwear,454.jpg,darkslategray,winter,green
3d4a0c34-bf3c-48e7-ba7d-10e55e101aef.jpg,trousers,454.jpg,darkslategray,winter,green
fe3af12e-1b3c-424f-9187-483410d9bad1.jpg,long_sleeved_shirt,453.jpg,darkslategray,winter,green
b3b301fe-283d-48af-8932-8af70a4dd410.jpg,trousers,445.jpg,darkslategray,winter,green
e82a4781-4d8d-4bfc-b9d7-54ed25919529.jpg,trousers,451.jpg,darkslategray,winter,green
494e7809-59c0-48ff-b8a7-a93493bfbdd2.jpg,trousers,449.jpg,gray,winter,gray
16a0a3a5-369a-4778-a806-09c70a8fd7bc.jpg,long_sleeved_outwear,449.jpg,black,winter,black
6fd404ce-ba67-4215-96a8-153ee2e8d76b.jpg,trousers,464.jpg,dimgray,autumn,gray
d46082c9-94ed-445f-a388-1ff2137c317d.jpg,long_sleeved_outwear,464.jpg,darkslategray,winter,green
ce3b1caf-32e7-48ba-807b-41ec7b7d397d.jpg,skirt,459.jpg,darkslategray,winter,green
8a5bbc59-5373-4648-b00e-a73ad0eb38ce.jpg,trousers,458.jpg,black,winter,black
2a628b50-3358-41e5-9cc3-03f53c319baf.jpg,short_sleeved_shirt,463.jpg,black,winter,black
920425bf-fe38-4664-8a02-1ddb72efcbb4.jpg,vest_dress,456.jpg,black,winter,black
255e840b-bee0-4bee-8650-4d8431231e88.jpg,vest,456.jpg,black,winter,black
1821f882-dc8b-4c82-ab08-9342f2ed46ce.jpg,skirt,457.jpg,darkslategray,winter,green
5dcce59b-06cd-40f4-9c58-6dfdf1063c51.jpg,long_sleeved_shirt,457.jpg,black,winter,black
e37e4d10-eb86-4c23-ba26-2832d3f7f03f.jpg,skirt,461.jpg,darkslategray,winter,green
181e546f-1065-478d-8fd0-c2dd1b7f848d.jpg,vest_dress,460.jpg,darkgray,winter,gray
933cd287-ebc5-48b9-a15d-a3102f3d03ed.jpg,trousers,469.jpg,gainsboro,winter,gray
bccdeece-9e74-40a1-8c69-93fe17a1d425.jpg,long_sleeved_outwear,469.jpg,black,winter,black
53def084-b5f3-4d7b-8da1-16b93958fb75.jpg,skirt,469.jpg,gainsboro,winter,gray
da3d9745-2b84-404d-9a7e-11b5d536ff44.jpg,trousers,471.jpg,black,winter,black
3b24fd84-d1b0-4f32-bf46-b3080d190655.jpg,vest,471.jpg,darkslategray,winter,green
23299b6b-7081-4aee-9cb5-e922b84880c8.jpg,trousers,468.jpg,black,winter,black
d0839852-f2b7-4b25-809d-f5f72de02bc2.jpg,long_sleeved_shirt,468.jpg,black,winter,black
0268e945-8679-4f30-8bf9-df3fe9907fe6.jpg,skirt,473.jpg,black,winter,black
dadb506a-03f5-4aa8-ade8-3e708212898b.jpg,long_sleeved_shirt,473.jpg,silver,summer,gray
b5cfc39f-7f4c-4936-83dd-e4116c447118.jpg,short_sleeved_shirt,473.jpg,silver,summer,gray
2e39e948-ebac-4307-b083-9982787a8adf.jpg,long_sleeved_outwear,472.jpg,darkslategray,winter,green
4a64b7df-808a-46d0-bffe-2800e4224fac.jpg,trousers,478.jpg,black,winter,black
edc28ff8-3166-4846-bde6-af9123c6a7d2.jpg,long_sleeved_outwear,476.jpg,darkslategray,winter,green
e5e60f31-ad5e-4802-853c-b25578bc6580.jpg,trousers,475.jpg,black,winter,black
d8547975-d6c9-4bd1-9770-107cfb26e52a.jpg,long_sleeved_shirt,475.jpg,darkgray,winter,gray
8cbd22e8-d160-438e-a515-7f679d545609.jpg,long_sleeved_outwear,475.jpg,darkgray,winter,gray
bfffa1a3-f1d9-4b96-b102-ec7d7e3fb47e.jpg,trousers,467.jpg,rosybrown,summer,brown
5bc19eca-da89-4629-972a-836be4990eaa.jpg,long_sleeved_shirt,467.jpg,black,winter,black
c015d013-5581-4f77-8a6e-e3e7ca0d0a27.jpg,long_sleeved_outwear,470.jpg,black,winter,black
1eea26bf-f2bc-444f-8fde-8be1b505b759.jpg,short_sleeved_shirt,474.jpg,lightgray,winter,gray
00efec2f-651a-48c5-9665-dc5b71e234ea.jpg,trousers,474.jpg,darkslategray,winter,green
94032c66-6fc8-40b1-b9b9-23cf12ab8c55.jpg,trousers,489.jpg,black,winter,black
b384e9a4-2226-4380-b6bc-bc74a861385f.jpg,vest_dress,489.jpg,darkgray,winter,gray
5419eaaf-8c57-45b6-b6e7-e95bb4d92cd6.jpg,short_sleeved_shirt,480.jpg,lightgray,winter,gray
9cd6554f-4e1c-4c2b-bb63-741becf2c87d.jpg,long_sleeved_shirt,480.jpg,lightgray,winter,gray
ab3ac97a-8544-4cb8-babe-caafd7278048.jpg,trousers,483.jpg,rosybrown,summer,brown
7c2fcfb3-ecf1-4614-bf33-c591796cf166.jpg,long_sleeved_shirt,479.jpg,black,winter,black
16fd8a9e-e92f-4b5b-89b1-f9822d8c3ae5.jpg,short_sleeved_shirt,486.jpg,thistle,summer,purple
d592dcfc-24d7-46ba-b111-43d9be0c1685.jpg,skirt,484.jpg,gainsboro,winter,gray
b7fd8c6d-8ecb-4b37-9d21-f831dcf1af19.jpg,long_sleeved_shirt,482.jpg,palevioletred,winter,pink
5bdb8791-f4f5-4b60-8719-aa7993bf8b43.jpg,short_sleeved_shirt,482.jpg,black,winter,black
3806c192-46a8-45d8-83b0-2f2e644c5763.jpg,skirt,482.jpg,black,winter,black
d9ff24db-26a7-4931-8c12-b81b803dcbb9.jpg,trousers,487.jpg,darkslategray,winter,green
79587243-8a73-45bd-9c4e-a70d1d11d728.jpg,trousers,499.jpg,midnightblue,winter,blue
d0255e0e-7490-4951-91d9-a4d6a220db94.jpg,trousers,500.jpg,darkslategray,winter,green
c95128a8-9620-41cc-8065-f6111c7f6931.jpg,skirt,500.jpg,darkslategray,winter,green
816933fb-ce3f-4a2b-b152-f544088a8dd2.jpg,long_sleeved_shirt,500.jpg,darkslategray,winter,green
e8f40a3b-497b-4e6a-9551-1c328d2f88b1.jpg,short_sleeved_shirt,493.jpg,gainsboro,winter,gray
f1aefd5b-4f43-4062-9977-c82339bdd383.jpg,trousers,492.jpg,black,winter,black
818d0e8c-fec9-4dcd-98e8-3994e6479358.jpg,short_sleeved_shirt,492.jpg,whitesmoke,winter,white
0467144f-4a6e-4c0b-a016-9dd376987bda.jpg,trousers,497.jpg,darkslategray,winter,green
50f0612a-85e5-427d-9f24-0000bc43acdb.jpg,trousers,495.jpg,black,winter,black
a5e5ba3f-9bb0-401a-a47b-40c1463d5583.jpg,vest_dress,495.jpg,black,winter,black
197cbdec-d601-4b3c-9068-30333df8c829.jpg,long_sleeved_outwear,491.jpg,dimgray,autumn,gray
0ddd38d2-59b7-4555-a5ec-75760ab2be4c.jpg,long_sleeved_shirt,491.jpg,dimgray,autumn,gray
31f72802-a52e-48c8-9380-cd72718f2525.jpg,skirt,496.jpg,lightslategray,summer,gray
d5b7572b-bba6-4d28-8eec-5cc63edd3b33.jpg,skirt,494.jpg,black,winter,black
790e0cb5-7923-4a69-890a-3d85899616d8.jpg,short_sleeved_shirt,494.jpg,darkgray,winter,gray
8589491a-ba65-4fbf-a924-e80f5afe359d.jpg,shorts,490.jpg,silver,summer,gray
95449e69-a445-41e0-bc5d-3feefe5ae006.jpg,short_sleeved_shirt,490.jpg,darkslategray,winter,green
de3cc8a7-500f-4dfa-a4f0-ddee20f74188.jpg,skirt,490.jpg,silver,summer,gray
c59d87b1-bb43-4496-81d3-ae6ce7f4f282.jpg,long_sleeved_outwear,501.jpg,darkslategray,winter,green
9770ffb2-59f5-485c-9156-2bc768b56342.jpg,trousers,501.jpg,black,winter,black
d9a983c7-dc5a-44af-941a-be25a852bc8d.jpg,trousers,505.jpg,black,winter,black
59fa8b2f-743c-45e5-aaef-b0374c3433b5.jpg,trousers,506.jpg,black,winter,black
02c18218-1b3d-49d1-a065-4d32288255a5.jpg,long_sleeved_shirt,506.jpg,black,winter,black
8d1ee1e2-4920-4261-84b6-8c007833fc06.jpg,long_sleeved_shirt,508.jpg,darkslategray,winter,green
02ab0d48-0e93-4d05-b169-bb514ea05056.jpg,trousers,508.jpg,black,winter,black
6693c961-229e-4932-8449-ceb731333c53.jpg,trousers,503.jpg,gray,winter,gray
491b164e-39af-431b-a90b-42acc1f3378c.jpg,trousers,510.jpg,darkslategray,winter,green
45a1f9b9-6263-474b-9e7e-5edac9bf30d4.jpg,trousers,514.jpg,tan,autumn,brown
3a440ca9-1780-49c6-ab96-f5ad826e2a4f.jpg,skirt,516.jpg,darkgray,winter,gray
25d2ef7f-db1b-4d5d-9ef9-e22e927af906.jpg,long_sleeved_shirt,516.jpg,darkgray,winter,gray
337cf3fc-6e89-4b84-9f8a-9ff7b490afe9.jpg,trousers,515.jpg,black,winter,black
30095fa4-975a-48e4-b8d8-acedd03aae08.jpg,short_sleeved_shirt,515.jpg,black,winter,black
20b72190-3f4e-49c7-8c52-3a60b0b02f45.jpg,trousers,509.jpg,whitesmoke,winter,white
6a7eeaab-def4-4b2c-ad8d-bdf9a0baac52.jpg,long_sleeved_shirt,509.jpg,whitesmoke,winter,white
f7f8980a-0dfb-42c7-bfe8-f66527ffee44.jpg,trousers,513.jpg,black,winter,black
1dfe5add-7de8-410f-86fd-c88e6fe58279.jpg,long_sleeved_shirt,513.jpg,black,winter,black
ba75e076-62ed-4a78-a17d-a2617c1b0115.jpg,long_sleeved_shirt,526.jpg,lightpink,spring,pink
64a4e561-9823-49ff-88c3-4bdfb2644b47.jpg,long_sleeved_outwear,522.jpg,steelblue,autumn,blue
6bad41db-faae-4fa3-a680-ae80e1ab865c.jpg,trousers,517.jpg,black,winter,black
22247e02-e209-4195-aadb-efb223c5afbe.jpg,long_sleeved_shirt,517.jpg,wheat,autumn,brown
423aee77-e22e-4afd-922a-e141eefea3a8.jpg,short_sleeved_shirt,517.jpg,wheat,autumn,brown
075b713e-be69-4c1c-bfd1-56e8d5945fc3.jpg,trousers,528.jpg,black,winter,black
d485a60d-205e-4d93-b1da-8d83ff86c19b.jpg,long_sleeved_shirt,528.jpg,dimgray,autumn,gray
5930356d-cc9d-4c15-96fe-4c1969110893.jpg,trousers,519.jpg,black,winter,black
1cc5b9c4-be61-4a2d-b1e8-7488be5c79d0.jpg,long_sleeved_shirt,519.jpg,black,winter,black
94a714e1-0280-4581-8710-611a9dd0b86f.jpg,skirt,523.jpg,darkolivegreen,winter,green
237ef53b-28aa-4b8e-a401-f0a3ed9546c9.jpg,long_sleeved_shirt,523.jpg,lightgray,winter,gray
7c311ab2-33a2-460a-8fef-57ffdca93087.jpg,trousers,525.jpg,darkslategray,winter,green
be71cc84-2a9b-434d-8073-2697ba04e256.jpg,long_sleeved_shirt,525.jpg,black,winter,black
e18641e9-5abb-4852-afb1-1e2dd38b4309.jpg,long_sleeved_outwear,518.jpg,plum,winter,purple
15b3253b-67ef-4d4a-b090-a7cb6b28c583.jpg,long_sleeved_shirt,524.jpg,lightgray,winter,gray
37d2a5b6-d518-484c-a48e-5903cd6d70ce.jpg,trousers,524.jpg,darkslateblue,winter,purple
a715fa49-184f-4233-b4b3-48ab367614d2.jpg,trousers,520.jpg,black,winter,black
141fd4bd-da49-44cd-8aa4-855d1af099aa.jpg,long_sleeved_shirt,520.jpg,black,winter,black
8a30af8d-410c-4943-b0bb-4ccb9e2af7d8.jpg,trousers,527.jpg,black,winter,black
28e973fe-480f-4fbd-9efc-c43aebf46287.jpg,long_sleeved_shirt,527.jpg,black,winter,black
7cb1fd28-305a-411d-a116-4373c988fa0a.jpg,trousers,521.jpg,darkgray,winter,gray
835f2555-2800-4cbc-bfd4-3230f2a1d05b.jpg,short_sleeved_shirt,521.jpg,silver,summer,gray
f37dea3e-b3b8-4363-92ef-caa5c86ac986.jpg,trousers,537.jpg,black,winter,black
06d7a735-ca9c-4173-a1c5-1452c7cdb211.jpg,long_sleeved_shirt,537.jpg,dimgray,autumn,gray
05e9aece-5a88-4ea3-830f-ff8b545d6046.jpg,trousers,530.jpg,black,winter,black
5ec89179-800f-49ff-90bf-546766d58a38.jpg,long_sleeved_shirt,530.jpg,black,winter,black
acb5b5c9-41cf-4652-8e86-882fbba22dea.jpg,long_sleeved_shirt,538.jpg,antiquewhite,spring,white
ad014e18-dd6e-434e-989e-8729da015bbb.jpg,skirt,538.jpg,gainsboro,winter,gray
fe7bd603-3999-4108-8867-3f9b417c213d.jpg,trousers,538.jpg,tan,autumn,brown
fe4f13ca-b026-4cd1-ba09-7e25f20d73cd.jpg,trousers,535.jpg,darkgray,winter,gray
c7b2a9a8-8dc3-4463-b8ad-1af625b3bd6a.jpg,short_sleeved_shirt,535.jpg,mistyrose,summer,pink
8f008fda-2359-4830-8c2c-845074bb9471.jpg,trousers,536.jpg,lavender,winter,purple
6c2e99a0-f21e-46c1-87fa-514a7a9d2f2b.jpg,skirt,536.jpg,lavender,winter,purple
381a22f9-0de1-4014-b80a-dedb3fff4b7e.jpg,long_sleeved_outwear,536.jpg,black,winter,black
ac77c263-7368-487e-8b1f-e41e73b38ec7.jpg,skirt,529.jpg,black,winter,black
d025dd3c-6d53-48dd-8825-409670b5dfbc.jpg,long_sleeved_shirt,529.jpg,black,winter,black
7bc90c96-99d7-45e7-8713-2bd30367313b.jpg,short_sleeved_shirt,531.jpg,darkgray,winter,gray
a4f04df8-5dc3-4058-b4b4-6191cb068969.jpg,skirt,531.jpg,darkgray,winter,gray
28d711ee-1da7-4049-86e1-aa8dd1bb3939.jpg,long_sleeved_shirt,533.jpg,darkslategray,winter,green
98d8bdf8-c996-41d9-9f2c-904462397acd.jpg,trousers,532.jpg,rosybrown,summer,brown
da0e7a81-1835-433f-9b3d-1416c4969282.jpg,long_sleeved_shirt,532.jpg,black,winter,black
45e0f85c-773e-4b81-8cdc-f6c2909f5cc7.jpg,short_sleeved_shirt,546.jpg,darkgray,winter,gray
ecf9b3f8-cd82-4d9f-9f8c-bff4d9cd9652.jpg,short_sleeved_shirt,540.jpg,black,winter,black
7b37874f-5408-4542-82e6-693da397937e.jpg,shorts,540.jpg,sienna,autumn,brown
6c6c941a-1ea3-42dd-a753-db2904995e3d.jpg,trousers,540.jpg,sienna,autumn,brown
cefd8246-79ba-4200-942a-0bcb212c6bc2.jpg,long_sleeved_shirt,540.jpg,black,winter,black
801c885c-5a02-4025-a0fc-e8860bdc75b2.jpg,trousers,543.jpg,darkgray,winter,gray
8684f6e2-95fd-426d-9b87-1ac3cee4a594.jpg,short_sleeved_shirt,543.jpg,silver,summer,gray
580e322d-309d-4c2e-bf72-e0c718c9f1dc.jpg,trousers,548.jpg,lavender,winter,purple
973345ef-eda6-4cd6-b129-5f8e74a09950.jpg,long_sleeved_shirt,548.jpg,black,winter,black
3670492e-bbb5-4ebe-b20b-3d614732852e.jpg,skirt,548.jpg,lavender,winter,purple
e28a7a2d-2ce6-498b-b51b-a06480559d0b.jpg,trousers,541.jpg,rosybrown,summer,brown
ac427b8b-7dc9-44ef-951a-8741269b735f.jpg,long_sleeved_shirt,541.jpg,gainsboro,winter,gray
efa7dbdb-0571-496d-be86-0675a0f59a82.jpg,skirt,541.jpg,dimgray,autumn,gray
96736fa5-37e2-4b62-84a5-f7b5b4a69dea.jpg,trousers,550.jpg,darkslategray,winter,green
0e070327-d211-4017-ba99-b29f20bf49db.jpg,long_sleeved_outwear,550.jpg,darkslategray,winter,green
d135132b-523d-41c3-9557-92ddb276c61f.jpg,trousers,544.jpg,black,winter,black
f54f825f-5443-49e9-aa8c-94c9d003e585.jpg,short_sleeved_shirt,544.jpg,darkslategray,winter,green
45784a67-71ea-4ded-b6e3-66ac36f5bfa9.jpg,trousers,539.jpg,black,winter,black
c5dce0b3-beab-43e5-bd98-38954fc5f5ba.jpg,long_sleeved_shirt,539.jpg,black,winter,black
557ad26d-a2b6-4030-8fbb-a4f3e649d7aa.jpg,trousers,539.jpg,black,winter,black
f6760017-1799-475c-b4db-cc193e81824a.jpg,trousers,545.jpg,midnightblue,winter,blue
395900ef-4777-4bde-adc1-db835045d37a.jpg,long_sleeved_shirt,545.jpg,plum,winter,purple
62c695ad-b647-4f36-9519-1ce3b821e96e.jpg,trousers,547.jpg,black,winter,black
3829a77e-6472-4d8f-a528-4a1d2fdf9960.jpg,short_sleeved_shirt,547.jpg,slategray,summer,gray
479e146c-5a11-4b54-8ecc-21569fa954a0.jpg,trousers,542.jpg,black,winter,black
3aa404cf-21fe-4131-8b35-9d1e7a5d9fb1.jpg,short_sleeved_shirt,542.jpg,black,winter,black
764a5f99-ddb6-48f9-b6d6-5696227ad89e.jpg,long_sleeved_shirt,549.jpg,lightsteelblue,summer,blue
dc829797-8bf6-4424-b6b0-28a048e6d317.jpg,skirt,559.jpg,black,winter,black
4662c8a3-ee8e-4b94-8a65-8265561ae832.jpg,vest_dress,559.jpg,black,winter,black
9ff8fcbe-103c-4641-9197-2622ea2560b6.jpg,trousers,552.jpg,steelblue,autumn,blue
f8d6c046-0d0c-4362-bd50-e62ca891f80b.jpg,trousers,553.jpg,black,winter,black
cbf4c295-6a30-4090-921a-d241cd5c04fb.jpg,short_sleeved_shirt,553.jpg,silver,summer,gray
4a230d41-50f7-493a-8a44-9091249d57b6.jpg,trousers,556.jpg,black,winter,black
516481e7-caec-4d3d-b675-ec669c53608c.jpg,long_sleeved_shirt,556.jpg,lightgreen,spring,green
05bbe79b-9dd0-4d99-bc83-73f68dfed687.jpg,trousers,557.jpg,lightgray,winter,gray
fc6999f7-71be-46de-9964-3a782ffa1c75.jpg,short_sleeved_shirt,557.jpg,black,winter,black
6a0be032-8fc1-414a-b4cc-8e89f24360fd.jpg,trousers,558.jpg,indigo,winter,purple
fa5a0fd1-0e61-463b-b0dc-5049afe074d5.jpg,long_sleeved_shirt,558.jpg,slateblue,summer,purple
32ec9a97-4c86-47f9-8c54-07ccc5719333.jpg,short_sleeved_shirt,560.jpg,lightslategray,summer,gray
9bd7806e-0634-4a03-a571-1005b3911f8f.jpg,long_sleeved_shirt,554.jpg,mediumpurple,spring,purple
4fac135f-121f-468d-81e9-de1d1439fd9f.jpg,trousers,554.jpg,darkorchid,winter,purple
dca7ef21-21c5-4683-85f1-61d5841db599.jpg,skirt,569.jpg,whitesmoke,winter,white
622c0fb4-500c-4baa-b2f4-06f9309b575d.jpg,long_sleeved_outwear,569.jpg,black,winter,black
6e801b24-725b-49be-a842-ed653dd5d70c.jpg,skirt,570.jpg,lavender,winter,purple
47d666b0-5c47-448e-b95b-521c2dbdd7c6.jpg,long_sleeved_shirt,563.jpg,mediumpurple,spring,purple
dcc66883-55cc-49b1-988b-4fd7b25fb972.jpg,trousers,564.jpg,dimgray,autumn,gray
2ab5931a-4246-4e1e-a494-4019b53a4be1.jpg,long_sleeved_shirt,564.jpg,black,winter,black
33e19a19-2b1e-41cf-a2b2-1da98971dcd0.jpg,trousers,571.jpg,darkslategray,winter,green
eb3ec47a-24b7-4d29-967a-cf788dc8896b.jpg,long_sleeved_shirt,571.jpg,black,winter,black
e2d2fa65-1e9d-4a78-8efb-f0f019003a49.jpg,trousers,562.jpg,lightsteelblue,summer,blue
20fcd446-74f1-4abc-9d9b-92936ee1162c.jpg,trousers,568.jpg,gainsboro,winter,gray
b87422e9-de46-42d6-a257-2c63e5abf3f5.jpg,short_sleeved_shirt,568.jpg,darkgray,winter,gray
fca0b3bd-a167-412c-b1b6-1f7083937b91.jpg,vest,561.jpg,black,winter,black
6fc3fb1d-f65b-412e-b894-9a225109e07b.jpg,trousers,566.jpg,darkgray,winter,gray
cafd8d91-fc4b-49a9-89d3-83742f3659ab.jpg,long_sleeved_shirt,566.jpg,darkslateblue,winter,purple
16ad5667-9510-4408-9acb-e914069e8b76.jpg,skirt,567.jpg,lavender,winter,purple
9e1f4185-fc25-460d-8f69-1b7b23be9651.jpg,long_sleeved_shirt,567.jpg,gray,winter,gray
a79963ae-3b8b-4399-897d-9410b5ba81d7.jpg,trousers,565.jpg,black,winter,black
006c118b-780f-488f-9fee-1790722b1655.jpg,long_sleeved_shirt,565.jpg,darkgray,winter,gray
f06e4a4b-0058-4c0d-a634-36beb3272510.jpg,skirt,578.jpg,black,winter,black
f3bdeb5b-6b60-436f-988b-ebd1290c02d9.jpg,short_sleeved_shirt,578.jpg,black,winter,black
efeeb6cb-d3a8-4209-8ef9-f51512efc77c.jpg,trousers,574.jpg,black,winter,black
559bd2d9-c7d5-46bb-932f-4331f07cd02f.jpg,long_sleeved_shirt,574.jpg,silver,summer,gray
f8998d97-29b3-4ad7-8cae-f8383ebc1314.jpg,skirt,574.jpg,black,winter,black
43d89624-f84b-4564-ae7f-c429af0d218f.jpg,short_sleeved_shirt,573.jpg,darkslateblue,winter,purple
ae690ed2-c74d-450e-ad3f-8bd84b19ebd5.jpg,skirt,573.jpg,black,winter,black
7a7f5819-e7c7-4081-b1d9-d2a0d7c2b74c.jpg,trousers,582.jpg,black,winter,black
63c28858-6cc7-4705-a2f3-327fbda62df5.jpg,skirt,582.jpg,black,winter,black
9615c06c-b6f5-4df0-9250-31ee4f134e7e.jpg,short_sleeved_shirt,575.jpg,silver,summer,gray
ff325cd0-a504-4f37-bd9b-7a203622e7e6.jpg,skirt,575.jpg,darkslategray,winter,green
3ad8e0a3-833f-4f4e-9f36-21f0840dc40b.jpg,long_sleeved_outwear,572.jpg,lavender,winter,purple
038b625d-ba52-4b2f-82bf-c3b54dac67b3.jpg,trousers,581.jpg,black,winter,black
762a6753-fbfe-4a50-85f8-8f54e29d6f54.jpg,skirt,581.jpg,hotpink,summer,pink
3d1a199f-39ad-4386-8f88-cafa2326f1fe.jpg,trousers,583.jpg,black,winter,black
f7a69dbe-c9b4-4caf-beec-e6282ede005c.jpg,long_sleeved_shirt,583.jpg,black,winter,black
27484ae8-3561-4101-a9de-c0a558dc0307.jpg,long_sleeved_shirt,577.jpg,lightsteelblue,summer,blue
00485750-f5dd-49b9-8665-ed5ca2d6f4b6.jpg,trousers,577.jpg,darkslateblue,winter,purple
89f2d3f9-1c9c-4717-93db-4e339c22b6c2.jpg,long_sleeved_outwear,576.jpg,darkslategray,winter,green
8f9c6d17-740d-4a3a-8049-dfa87e924441.jpg,trousers,576.jpg,black,winter,black
983e3ee7-ec1e-4763-bc55-2878a69b09c2.jpg,long_sleeved_shirt,576.jpg,darkslategray,winter,green
432782ac-5625-4784-83f9-9853572107d4.jpg,long_sleeved_shirt,580.jpg,darkgray,winter,gray
4383c170-3850-464e-ae11-ac5b0ffedb02.jpg,short_sleeved_shirt,587.jpg,whitesmoke,winter,white
61081afc-4555-47a6-baeb-e929f678b7b3.jpg,trousers,587.jpg,steelblue,autumn,blue
44a72e69-84aa-4576-8372-c57db1d47a5c.jpg,long_sleeved_shirt,592.jpg,black,winter,black
81ebb9eb-3d5d-436b-8924-fe7a5bc89ffb.jpg,trousers,592.jpg,black,winter,black
4da5756f-b584-487b-b51a-6083a4a99ec7.jpg,trousers,585.jpg,darkslateblue,winter,purple
49d3f285-6872-4360-91bb-07c98a1a7b50.jpg,long_sleeved_shirt,585.jpg,silver,summer,gray
5f752ba6-71ce-45f3-8537-fe9ff2082748.jpg,short_sleeved_shirt,590.jpg,ghostwhite,winter,white
70385b5f-2751-4ce6-b853-c7401ed5a672.jpg,long_sleeved_shirt,584.jpg,darkgray,winter,gray
c94c4a17-18a8-4ab6-96bc-ae138bab4226.jpg,skirt,584.jpg,whitesmoke,winter,white
1a5fa581-86a0-4aba-a1ce-bd0a9d4d7895.jpg,vest,588.jpg,lightsteelblue,summer,blue
27117ded-6c93-434f-967e-ee4696b8967b.jpg,trousers,588.jpg,darkslateblue,winter,purple
17468fd6-2b22-47d8-98b8-d1b4ec58a928.jpg,shorts,588.jpg,darkslateblue,winter,purple
afdecf1e-12ce-40ab-a893-f0bee920ead4.jpg,skirt,591.jpg,darkgray,winter,gray
497732d2-bc32-4110-8761-0b5b1c28617b.jpg,skirt,586.jpg,darkslategray,winter,green
f114c785-ef78-4141-95a4-f6345633e3f7.jpg,trousers,593.jpg,gray,winter,gray
005d3f4f-ea36-4c40-937f-9b9e11004509.jpg,short_sleeved_shirt,593.jpg,darkslategray,winter,green
ac92daf6-c5e9-4001-a158-ad8e1a26cffe.jpg,long_sleeved_shirt,589.jpg,lavender,winter,purple
3f1fc1c9-5526-42fa-8d12-deedf7eafc97.jpg,trousers,594.jpg,darkslategray,winter,green
0d90f251-6952-446c-b7b7-14d4f6dd5b9f.jpg,long_sleeved_shirt,594.jpg,black,winter,black
03f6d964-d872-4c0b-a1b4-511fadd1bd0e.jpg,trousers,597.jpg,black,winter,black
f21d84d0-361d-43cf-b24c-4fdda1904156.jpg,shorts,597.jpg,lavender,winter,purple
467ce80c-2b25-41a3-bc9a-93fe6459ce98.jpg,short_sleeved_shirt,603.jpg,thistle,summer,purple
c9e26503-4242-414c-8540-6c229b16547b.jpg,short_sleeved_shirt,601.jpg,sienna,autumn,brown
6b49fa29-f851-482d-b084-ab74d747b72c.jpg,trousers,601.jpg,black,winter,black
7be06ea4-2a7f-4c03-9bb4-1f1309b446bd.jpg,trousers,598.jpg,black,winter,black
cffbc542-4077-4900-9792-a096f3702b7c.jpg,short_sleeved_shirt,605.jpg,mistyrose,summer,pink
b2c93040-ac31-4a46-9645-8489e736f226.jpg,long_sleeved_shirt,595.jpg,goldenrod,spring,yellow
05e240cb-9e51-4195-94c8-2c5163ff9c38.jpg,trousers,595.jpg,steelblue,autumn,blue
65d296bc-4a45-416d-825e-6abb42f15a77.jpg,long_sleeved_shirt,596.jpg,linen,autumn,white
9dae1a5f-0eac-4de7-b3c6-0e4869a0fea3.jpg,trousers,596.jpg,black,winter,black
43e7089d-a7f5-441f-a67e-3210e99254e6.jpg,vest,602.jpg,darkslategray,winter,green
440344cf-2d48-41c9-bbe8-2a8a6b0057b0.jpg,trousers,602.jpg,black,winter,black
82511e4f-abb7-4c64-9f78-d01342e4624e.jpg,short_sleeved_shirt,599.jpg,saddlebrown,autumn,brown
104c52a0-4f19-4ce1-8168-ccea9020ef52.jpg,trousers,599.jpg,black,winter,black
b874477f-8e80-403d-b7d9-f46fa9a3ba0f.jpg,short_sleeved_shirt,599.jpg,darkolivegreen,winter,green
e6c4fc29-5391-4e8c-8bab-e346ca819008.jpg,trousers,604.jpg,dimgray,autumn,gray
5c1f5133-f947-4a1b-9c0f-ad5f2599a4c5.jpg,short_sleeved_shirt,604.jpg,lavender,winter,purple
7d78afef-7ed8-4839-afb1-1234f2ba7674.jpg,short_sleeved_shirt,600.jpg,darkgray,winter,gray
39e345e3-2c53-444c-93a8-4f21a31dc36c.jpg,trousers,614.jpg,steelblue,autumn,blue
b1898f85-4e38-45ba-bf49-435e7313954d.jpg,long_sleeved_shirt,614.jpg,dimgray,autumn,gray
7887edeb-8ad6-4466-a7bc-8e6fcc08dd02.jpg,short_sleeved_shirt,613.jpg,rosybrown,summer,brown
72decd24-48df-4823-b4da-9ef126b79bd8.jpg,skirt,613.jpg,rosybrown,summer,brown
446a0009-5bf4-4e88-845f-d7c7bcd5724a.jpg,trousers,610.jpg,linen,autumn,white
db5ec4e4-ceb7-412d-b7ce-a54610d6cde3.jpg,long_sleeved_shirt,610.jpg,silver,summer,gray
9de7ffa7-7229-4abd-acb4-ea44c209abc1.jpg,long_sleeved_shirt,612.jpg,black,winter,black
09c3e920-c931-4ed2-8876-ab4567783f32.jpg,trousers,612.jpg,tan,autumn,brown
e5af1fd3-58a7-41fb-ba65-087b1a452928.jpg,long_sleeved_outwear,612.jpg,black,winter,black
2236228e-09d1-4322-b550-73e6ff5d8ac2.jpg,long_sleeved_shirt,609.jpg,darkslategray,winter,green
80f6c261-373c-47cb-bca8-8d5c8f643712.jpg,trousers,609.jpg,black,winter,black
3b5772b4-50ed-4cf4-b31d-a4a3a5499997.jpg,shorts,606.jpg,black,winter,black
670f900f-745a-46a5-9038-27c6f49be5f0.jpg,long_sleeved_outwear,606.jpg,darkslategray,winter,green
9179de46-8234-45cb-8bcc-0b898b0b02db.jpg,trousers,606.jpg,black,winter,black
76dcb99c-6cbd-409c-938f-1daa5497f407.jpg,trousers,607.jpg,black,winter,black
d7cc3c2a-971d-44a1-a5c1-a1f415607b25.jpg,long_sleeved_shirt,615.jpg,white,winter,white
b1b99a1f-8123-4341-9fbc-0d72e9c62158.jpg,shorts,615.jpg,black,winter,black
a5521466-4ce6-4e7b-8c72-47b8663b6fa0.jpg,trousers,608.jpg,antiquewhite,spring,white
487eabcf-b9b6-4b2e-97c3-3fd5f459524b.jpg,long_sleeved_shirt,608.jpg,black,winter,black
ecfdfd5b-d78f-4d05-b823-4e74f5646a56.jpg,skirt,611.jpg,gray,winter,gray
2303d3b8-b353-42a0-9342-528a2ab41211.jpg,short_sleeved_shirt,611.jpg,darkgray,winter,gray
8b0d7a8a-97c8-4102-a24c-2dd6432a3136.jpg,trousers,611.jpg,gray,winter,gray
03b4073f-a42a-4058-ba14-425fed673205.jpg,short_sleeved_shirt,624.jpg,midnightblue,winter,blue
1e42ead6-5816-4120-890f-23a6b23f8e7a.jpg,skirt,624.jpg,mediumpurple,spring,purple
544b3a89-5ca9-4109-9716-188696df1081.jpg,trousers,616.jpg,steelblue,autumn,blue
0ea66926-43bb-499b-a7fe-83a257824062.jpg,long_sleeved_shirt,616.jpg,dimgray,autumn,gray
fbac4b1c-4ef2-4374-94aa-997a9b224bf3.jpg,long_sleeved_shirt,618.jpg,darkgray,winter,gray
ebb52b5b-c8aa-454d-8798-6e0734a8714d.jpg,trousers,618.jpg,midnightblue,winter,blue
d3009a42-9088-49f1-bf8c-1f7890d73839.jpg,skirt,618.jpg,darkslategray,winter,green
276deee0-0e17-4b2f-8014-437424d8421d.jpg,trousers,626.jpg,black,winter,black
1d8681af-a043-4147-86b5-07338b3f0c61.jpg,long_sleeved_shirt,626.jpg,darkslategray,winter,green
49ea32f3-73e6-487e-9022-feb13c825de4.jpg,short_sleeved_shirt,625.jpg,gainsboro,winter,gray
d2727ec5-8e53-45da-b632-8e0ddccffa2d.jpg,trousers,625.jpg,gainsboro,winter,gray
e3cf9d1a-c048-4156-bc20-c96b0d8b61f0.jpg,trousers,621.jpg,rosybrown,summer,brown
880c0c73-bd5e-4935-a3af-97004be050ca.jpg,long_sleeved_shirt,621.jpg,lightsteelblue,summer,blue
c1262e39-8fd8-4fce-9800-052c2be8c59b.jpg,trousers,622.jpg,linen,autumn,white
63197d01-a7e1-41c7-8df5-95ae6baec116.jpg,long_sleeved_shirt,622.jpg,darkslategray,winter,green
2e8f75ab-081c-4152-9535-dc2bb96626e6.jpg,short_sleeved_dress,622.jpg,linen,autumn,white
a7f7ca99-cf2e-407f-9e17-63c6f98396f9.jpg,trousers,617.jpg,black,winter,black
51862f36-85fb-42bc-be53-fe4e107898c8.jpg,long_sleeved_shirt,617.jpg,black,winter,black
804c201d-6f9b-43ba-a34f-6855f5b2ddbe.jpg,skirt,619.jpg,whitesmoke,winter,white
c47577f6-c281-47c9-9e51-22e5d651ffc9.jpg,trousers,619.jpg,tan,autumn,brown
f64709e0-7759-471b-8943-623cba40a5da.jpg,long_sleeved_shirt,619.jpg,navajowhite,autumn,orange
666fd61e-7e76-49d5-b73b-697325b2ecbd.jpg,long_sleeved_shirt,620.jpg,gainsboro,winter,gray
94c0b07c-5e44-4e23-bfd6-8b5fe4439832.jpg,trousers,620.jpg,lavender,winter,purple
5bf3d9ef-c7bb-4458-acfc-d238e9e8ba94.jpg,skirt,620.jpg,lavender,winter,purple
3b79ee06-7cb1-4a20-b1a2-6cefd872bf0a.jpg,shorts,633.jpg,ghostwhite,winter,white
54b2a021-ede6-429a-86df-29f371eaeae0.jpg,short_sleeved_shirt,633.jpg,lightsteelblue,summer,blue
0d52af28-5114-44bc-b0ae-9ff46599e4f5.jpg,trousers,629.jpg,darkslategray,winter,green
ed58ec66-e5e5-4d2d-80d2-e0e56156f6fc.jpg,short_sleeved_shirt,632.jpg,dimgray,autumn,gray
55d2d489-d050-49a4-956f-c18a60e80a3a.jpg,short_sleeved_shirt,630.jpg,mediumpurple,spring,purple
a0275460-5e02-40a4-ae33-0edc7496fceb.jpg,trousers,630.jpg,darkslateblue,winter,purple
a2e8574e-f398-4701-8d47-da03327e6acf.jpg,long_sleeved_shirt,635.jpg,dimgray,autumn,gray
b5adcd5b-8735-437c-9414-1953a3d1aac9.jpg,skirt,635.jpg,darkslategray,winter,green
e03b9f9d-bf3f-42d5-bc8c-946b70c13c0e.jpg,long_sleeved_shirt,635.jpg,dimgray,autumn,gray
ceb11fcc-d7a3-4d92-99e1-87196d3ffc85.jpg,short_sleeved_shirt,635.jpg,dimgray,autumn,gray
065b5638-a3bb-4f52-accb-36e34cd451e3.jpg,short_sleeved_shirt,635.jpg,rosybrown,summer,brown
d8f0dc17-6e4c-4f59-b20c-a5c02cbf2b77.jpg,short_sleeved_shirt,631.jpg,rosybrown,summer,brown
8741a40c-1bf1-403d-a380-f8d465922334.jpg,skirt,627.jpg,darkslategray,winter,green
0eb54fde-5e85-446d-a54e-2906e9900a0f.jpg,short_sleeved_shirt,627.jpg,black,winter,black
49608032-4ddb-4f68-b8d8-45bf6c573b52.jpg,trousers,628.jpg,black,winter,black
f082ab38-3bc7-4de7-a287-ba1a28e5a5d2.jpg,long_sleeved_outwear,628.jpg,black,winter,black
e2ab7956-ba9f-4297-8c3d-54a5e10c56b5.jpg,trousers,640.jpg,darkslategray,winter,green
f8b36a28-7869-494e-afbc-2bd1aa7dca65.jpg,long_sleeved_shirt,640.jpg,thistle,summer,purple
72396dd8-7d22-4faa-afde-872c2ac57f5a.jpg,trousers,642.jpg,lightslategray,summer,gray
8f85e6ca-daa1-4d13-8c36-9a873ee36c01.jpg,long_sleeved_shirt,642.jpg,linen,autumn,white
f281c5e2-44dd-4828-a0f0-5d3c480c1c9b.jpg,trousers,646.jpg,black,winter,black
d700ba6d-691e-47e8-bdad-a730b982a07f.jpg,long_sleeved_shirt,646.jpg,darkslategray,winter,green
e0931e40-2989-4d41-89e0-8296b3ebc6d8.jpg,trousers,647.jpg,dimgray,autumn,gray
6c0cf3da-6898-46b4-826d-a829f46c3195.jpg,skirt,647.jpg,darkslategray,winter,green
9f23a3f5-5ee8-44e7-a2db-6059d943386f.jpg,long_sleeved_shirt,647.jpg,gainsboro,winter,gray
79786603-fe4f-4f34-bfc3-94f44f530add.jpg,trousers,644.jpg,darkslategray,winter,green
18d81b9b-6e27-44ba-b6c6-7cb15a12eadf.jpg,long_sleeved_shirt,644.jpg,black,winter,black
d19971ab-189b-4907-b2ca-7e0e8bc06f51.jpg,trousers,637.jpg,black,winter,black
faf94c2f-4d13-4b05-a7f9-355873aeae6b.jpg,long_sleeved_shirt,637.jpg,black,winter,black
5d5fa1d0-56c3-4b00-9d22-2c1a3a0f5f60.jpg,trousers,639.jpg,darkslategray,winter,green
840dbffa-addc-4ea0-bbb3-84e715bd5966.jpg,long_sleeved_shirt,645.jpg,darkseagreen,autumn,green
7ceb89a5-e972-42d3-99a1-11ba7f3dd79d.jpg,long_sleeved_shirt,643.jpg,darkgray,winter,gray
508f9792-26d3-43d3-bb44-85ebe21c1ab2.jpg,skirt,643.jpg,dimgray,autumn,gray
aaeaa3f9-637d-457d-a56f-5b9332c668c2.jpg,trousers,641.jpg,black,winter,black
be53f34f-62d1-4553-8d92-13fde01790fe.jpg,long_sleeved_shirt,641.jpg,black,winter,black
1768bb4c-f6f3-4ab1-a7ce-ff9541445799.jpg,trousers,654.jpg,mediumpurple,spring,purple
489a5a31-946c-4a89-a910-77c7d2629640.jpg,long_sleeved_shirt,654.jpg,plum,winter,purple
80f0fb5c-a5dd-4eff-937f-8e6544633e5c.jpg,trousers,658.jpg,black,winter,black
48cdc3e6-a603-4c29-bde7-3d6ee9b2e341.jpg,long_sleeved_outwear,658.jpg,black,winter,black
8f1686d7-8a06-4f6b-8e2f-346a97d5318e.jpg,long_sleeved_shirt,648.jpg,black,winter,black
ad35c7b2-009e-4d4b-a36d-e73a2ff873aa.jpg,skirt,648.jpg,black,winter,black
298fb635-51f4-48b7-b3b9-f327f003c65d.jpg,vest,657.jpg,darkslategray,winter,green
4f49e90b-8baa-44bb-9a0e-f1211a72ec9c.jpg,trousers,657.jpg,black,winter,black
91ba3422-ee2e-463d-8e12-1d0cc26028cf.jpg,trousers,652.jpg,darkslategray,winter,green
0c4704aa-a6c0-4764-bf1b-cc174811cde1.jpg,long_sleeved_outwear,652.jpg,black,winter,black
17517e83-e570-4142-881f-c46e61e9cf99.jpg,trousers,655.jpg,midnightblue,winter,blue
81de0e15-86ae-43e4-a1f7-398b343a380c.jpg,long_sleeved_shirt,655.jpg,black,winter,black
628e0938-e12e-4b81-abb7-200058e05715.jpg,trousers,650.jpg,black,winter,black
538e825a-cee8-4405-ac75-074b755f0aa3.jpg,trousers,656.jpg,midnightblue,winter,blue
3b90919c-3c90-444f-a47c-5acbf073b85c.jpg,long_sleeved_shirt,656.jpg,midnightblue,winter,blue
54dd0dd6-2d02-496b-9f1c-4cc8c8731c5b.jpg,short_sleeved_shirt,649.jpg,saddlebrown,autumn,brown
b47d3dcf-c94a-4f05-86ef-062b66325995.jpg,trousers,651.jpg,darkslategray,winter,green
aa712f2b-329b-4c02-bd8a-e83470ee685e.jpg,skirt,651.jpg,darkslategray,winter,green
2f1bcf1c-b6d0-4ba1-9267-6fe8c1fd01a3.jpg,long_sleeved_outwear,651.jpg,crimson,autumn,red
30dc34e0-7028-4f94-8fe6-bf495b6a76fe.jpg,trousers,661.jpg,darkgray,winter,gray
32d72158-70ac-4d68-b070-7461c509e8f7.jpg,short_sleeved_shirt,661.jpg,black,winter,black
7cafcbbd-3784-4664-adfc-3383d6ef16ff.jpg,short_sleeved_shirt,669.jpg,whitesmoke,winter,white
a2887d29-168e-4fcf-ac7b-385c4fd49df6.jpg,trousers,669.jpg,black,winter,black
a6846032-9a39-4f78-8c60-4ca434d2a0b1.jpg,trousers,666.jpg,lavender,winter,purple
271d9211-1864-4115-9e12-b6979a2188ba.jpg,long_sleeved_shirt,666.jpg,darkseagreen,autumn,green
06c3b414-e7b9-4eda-8bca-4129a999d962.jpg,skirt,667.jpg,darkgray,winter,gray
817c8006-51c4-4b1c-8180-2f5b42dca2b8.jpg,short_sleeved_shirt,667.jpg,black,winter,black
51a9ef6a-8432-47fe-b59a-3abbb28739fd.jpg,trousers,664.jpg,steelblue,autumn,blue
a722bd63-6f21-44d9-86a5-29cd89fa2d20.jpg,trousers,660.jpg,lightsteelblue,summer,blue
9c6809a4-21c8-4bad-abe7-00ed8e1e1e5d.jpg,trousers,663.jpg,darkgray,winter,gray
ca143a55-c88e-4e98-a462-143fe5908114.jpg,short_sleeved_shirt,663.jpg,lavender,winter,purple
7562ec0b-cb08-4682-8168-bbaef1ff180a.jpg,long_sleeved_shirt,668.jpg,black,winter,black
4b5dcc76-a665-4f5a-9d81-6269d54d995b.jpg,trousers,662.jpg,black,winter,black
6f1319e4-b670-4652-85af-aaf98dbbf5f0.jpg,skirt,662.jpg,ghostwhite,winter,white
874d1217-3893-4f75-bdc8-88f40810d91e.jpg,long_sleeved_outwear,662.jpg,black,winter,black
6a52531b-4fda-4586-8e56-bb30206de307.jpg,skirt,659.jpg,black,winter,black
a3d2cc07-549b-4df1-b171-3dd29eef3c38.jpg,trousers,659.jpg,black,winter,black
f852c237-ae66-4fa7-8762-d38b0455f6b0.jpg,long_sleeved_shirt,659.jpg,whitesmoke,winter,white
a80cda6f-4c68-4107-ade8-87e6ff496759.jpg,skirt,665.jpg,black,winter,black
9bb39c00-d328-4f20-8bc0-ad642deb2cac.jpg,trousers,677.jpg,darkslategray,winter,green
5bb60737-e90e-4d09-bbf6-91ff67974beb.jpg,long_sleeved_outwear,677.jpg,darkslategray,winter,green
f8735f50-c744-46f7-81e1-e0dde1bc14ab.jpg,trousers,676.jpg,black,winter,black
c8055291-7459-495b-8ae9-1a43f4c4e40b.jpg,trousers,670.jpg,black,winter,black
89025609-8bac-4e66-8dc5-cad3c7579c67.jpg,trousers,671.jpg,lightslategray,summer,gray
8aa354b2-6f13-4e68-a8ad-d256fae506fd.jpg,long_sleeved_shirt,671.jpg,lightgray,winter,gray
36c2399b-7eae-4a57-9892-b1b598703163.jpg,short_sleeved_shirt,679.jpg,darkgray,winter,gray
bfc1c803-4145-4c5a-9b57-7ca1c3ae99ef.jpg,shorts,679.jpg,midnightblue,winter,blue
ac383f5c-217d-4e3f-be2b-8d50d85abb59.jpg,trousers,679.jpg,dimgray,autumn,gray
ddbaa537-2fa2-410d-acac-1cef73956421.jpg,trousers,673.jpg,black,winter,black
be301ac6-a345-405c-b154-8d8400846aca.jpg,short_sleeved_shirt,673.jpg,lavender,winter,purple
d08ee30d-0bb1-410d-85be-4cf77480d8c3.jpg,vest,675.jpg,dimgray,autumn,gray
b47e0712-88a1-43e0-8637-e88a4c43b7d4.jpg,long_sleeved_shirt,672.jpg,indianred,autumn,red
140ff00c-443a-4603-8001-d5c268e900ed.jpg,skirt,672.jpg,darkslategray,winter,green
3ea13302-3941-4b43-8750-0f695e441a45.jpg,trousers,672.jpg,darkslategray,winter,green
3bf8d419-ec6b-428c-b806-f337d6ac6c36.jpg,long_sleeved_shirt,678.jpg,black,winter,black
7c6c95ab-8d1a-4e1e-aaf7-d29de14c38c7.jpg,trousers,678.jpg,black,winter,black
b9b30877-83c0-4b91-9b2a-4bf353856ceb.jpg,trousers,674.jpg,black,winter,black
bd2be888-219f-4cc3-991c-30e365afc896.jpg,skirt,674.jpg,lightslategray,summer,gray
020fc14a-96e8-4524-98ee-c924f285cd0c.jpg,vest,674.jpg,lavender,winter,purple
312f8051-c078-4580-a08f-09ea0dee045a.jpg,trousers,686.jpg,plum,winter,purple
dcca74b2-e04f-4247-8834-6cb50fb5248c.jpg,short_sleeved_shirt,686.jpg,thistle,summer,purple
4b1454dc-1307-48ca-8972-65a1c00d8b31.jpg,short_sleeved_shirt,682.jpg,darkgray,winter,gray
2067c2e7-311f-488d-b683-d252f6e5ce18.jpg,vest,689.jpg,darkslategray,winter,green
0cbaddd0-ff6b-43d6-a824-14829edec02c.jpg,trousers,689.jpg,black,winter,black
3a248d0a-f762-44f9-ab8c-fde422dc7c6e.jpg,skirt,690.jpg,antiquewhite,spring,white
12b7a06f-2416-4ddc-8699-e6232b4a05c5.jpg,trousers,690.jpg,darkslategray,winter,green
85431b72-f4f1-4c67-8805-59724134fa05.jpg,long_sleeved_shirt,690.jpg,antiquewhite,spring,white
c161b971-7459-4ca1-b91f-1b776a3a06b6.jpg,trousers,685.jpg,dimgray,autumn,gray
812163ea-10b1-440a-9e57-74ca9cff7ac5.jpg,long_sleeved_outwear,685.jpg,black,winter,black
fcf34095-6848-4d8d-906b-33eb29d1d24e.jpg,long_sleeved_shirt,685.jpg,black,winter,black
9116c467-4b5b-4e23-be75-3321fa3354c8.jpg,trousers,681.jpg,lightsteelblue,summer,blue
b2920e6e-540a-4e5a-9fdb-db046b23ff8d.jpg,short_sleeved_shirt,681.jpg,lavender,winter,purple
6a28934d-cae6-4eb6-8bfe-40e8ce0a3f5d.jpg,trousers,687.jpg,lightslategray,summer,gray
0d682736-9397-4e05-acb7-7d6a38cd81c1.jpg,short_sleeved_shirt,687.jpg,steelblue,autumn,blue
41298af6-71e4-49d6-83b2-eb1192504676.jpg,skirt,688.jpg,darkslategray,winter,green
65fb3922-2767-480c-aa84-99b202f6bd5d.jpg,long_sleeved_shirt,684.jpg,silver,summer,gray
6492a798-0c1a-41df-ab77-1627d4808244.jpg,skirt,684.jpg,black,winter,black
30754499-0f42-448b-a5d0-2e839eccc91b.jpg,long_sleeved_outwear,683.jpg,darkslategray,winter,green
a9500ad6-ebe9-4be8-8feb-defc8f5ca51c.jpg,skirt,693.jpg,darkslategray,winter,green
ca8bd1e0-1993-4e53-ac96-544d64629728.jpg,long_sleeved_outwear,693.jpg,gray,winter,gray
b9a54ee8-2b33-4f53-bb2c-3982a6054ad5.jpg,trousers,693.jpg,black,winter,black
53ed8d73-3ffe-46aa-9d36-88f00e23503f.jpg,long_sleeved_shirt,695.jpg,darkslateblue,winter,purple
3642638c-9935-4c98-8cdd-5b56f08d587e.jpg,skirt,695.jpg,black,winter,black
c225c4e3-4b54-4528-bda1-96700b4cbfcd.jpg,trousers,697.jpg,darkslategray,winter,green
f705278d-0644-4fbf-9306-a6008ab9eb4b.jpg,long_sleeved_shirt,697.jpg,black,winter,black
4846b7bb-4ceb-4cd0-8e38-edb9a18f48d2.jpg,shorts,697.jpg,black,winter,black
4bd4bbc9-a2d7-45a8-aca6-c7fd897b9398.jpg,skirt,694.jpg,cadetblue,winter,mint
11126108-4cc1-4405-9b95-91711596e7fd.jpg,trousers,694.jpg,steelblue,autumn,blue
bd6ad731-fbc7-4d0f-bb4a-6fcc6ad08fd3.jpg,trousers,691.jpg,midnightblue,winter,blue
bcf8ac00-3d12-494a-aa27-58c429622b67.jpg,short_sleeved_shirt,691.jpg,mediumpurple,spring,purple
6ddaec74-9b30-4161-a800-22951a4db318.jpg,long_sleeved_shirt,696.jpg,silver,summer,gray
fe9cad11-0d7a-474c-9934-1f9e315be278.jpg,trousers,696.jpg,darkslateblue,winter,purple
baed8a76-1819-464c-ad24-56c28a95a831.jpg,skirt,700.jpg,lightsteelblue,summer,blue
7a346559-29bb-42c9-af72-cd4559a93697.jpg,trousers,700.jpg,skyblue,summer,blue
57ef6a0f-6a53-4859-bdab-08d0f985d4f2.jpg,long_sleeved_shirt,700.jpg,lightgray,winter,gray
c592ae15-6a04-4385-b03a-11c2626186da.jpg,skirt,698.jpg,lightsteelblue,summer,blue
138559de-dfaf-4827-ba68-253af3f0612e.jpg,short_sleeved_shirt,698.jpg,dimgray,autumn,gray
01ed356e-1e1f-4e14-833a-0a62d96f6b18.jpg,vest_dress,698.jpg,lightsteelblue,summer,blue
5db59643-ccc0-46ec-8198-c1416980b420.jpg,trousers,692.jpg,black,winter,black
755b3490-453f-49f7-98eb-b935196ac26e.jpg,skirt,692.jpg,black,winter,black
566945f1-7fd5-434e-9472-5a3fb64c3f11.jpg,long_sleeved_shirt,692.jpg,white,winter,white
7e1826ef-24b1-4ab1-b6ac-258da38d8933.jpg,trousers,701.jpg,gray,winter,gray
433a8f4f-f118-40b6-b5d0-d349c97fe4f5.jpg,skirt,701.jpg,gray,winter,gray
a5764960-d058-45b2-8feb-75507523c425.jpg,long_sleeved_outwear,701.jpg,dimgray,autumn,gray
dd5483ac-181c-4a32-a3d5-be179d4260ac.jpg,short_sleeved_shirt,699.jpg,slategray,summer,gray
c9570904-f64e-4751-9f63-6c1e4bcae318.jpg,long_sleeved_shirt,706.jpg,gainsboro,winter,gray
490a789a-2dab-4960-8a2e-8e804cf63fb9.jpg,trousers,709.jpg,black,winter,black
37dd2057-98c6-4470-83c2-a6a5e2f27c77.jpg,short_sleeved_shirt,709.jpg,darkslategray,winter,green
e6466e15-f227-458d-a85c-0e086d4e53f7.jpg,long_sleeved_outwear,709.jpg,darkslategray,winter,green
a0ae4e25-498a-4939-8f95-70ad30ed4d2b.jpg,long_sleeved_outwear,707.jpg,black,winter,black
aeade8ee-13f1-48b1-8bcd-5dcbafde560b.jpg,skirt,704.jpg,midnightblue,winter,blue
e08d7311-44ea-4bdd-8fce-077259d3c783.jpg,long_sleeved_shirt,704.jpg,plum,winter,purple
0ba75105-71a3-4633-8564-70077297d962.jpg,trousers,710.jpg,rosybrown,summer,brown
4a623ff1-b6b6-424e-b816-3c5d9e7a7eeb.jpg,long_sleeved_shirt,710.jpg,rosybrown,summer,brown
8dfb148a-24d7-4baa-9149-2b018233c6e8.jpg,short_sleeved_shirt,710.jpg,rosybrown,summer,brown
fcd2cc24-e546-4420-b2fa-23a59cd96995.jpg,trousers,705.jpg,black,winter,black
51589358-eb28-4b7d-afcd-1357519d9bc7.jpg,long_sleeved_shirt,705.jpg,black,winter,black
06e81382-db3d-42c2-86b7-29b4178fc217.jpg,trousers,703.jpg,black,winter,black
8d17046b-a421-4cbf-b9b6-439f9ea70b9c.jpg,long_sleeved_shirt,703.jpg,darkslateblue,winter,purple
8b9c641b-3fb2-4b52-9662-6c1b8b7ffad8.jpg,trousers,702.jpg,dimgray,autumn,gray
a4c4b09d-6a54-49d7-b3f0-2a75d8f674b5.jpg,trousers,722.jpg,black,winter,black
fd45cfa7-6f90-4aed-acc1-39eb33058ea0.jpg,trousers,722.jpg,lightgray,winter,gray
d9af89e7-aa8e-4514-8757-4c9423c7cbb1.jpg,short_sleeved_shirt,722.jpg,silver,summer,gray
b3b0abfe-cdd5-4e31-aab9-34064c949288.jpg,short_sleeved_shirt,722.jpg,black,winter,black
25964eb1-2a6e-4d6c-80cc-4af668456d7a.jpg,trousers,713.jpg,gainsboro,winter,gray
bcfcd2fd-77cc-4837-9b20-5a08f5d9ca45.jpg,short_sleeved_shirt,713.jpg,gainsboro,winter,gray
7a9f26c2-7602-40ef-9b91-b63fae612692.jpg,trousers,715.jpg,black,winter,black
bcb8fca1-a747-4178-8439-53a2f734e1f6.jpg,trousers,715.jpg,ghostwhite,winter,white
cb2c9036-4e96-4c56-a1ad-0ad638e13308.jpg,long_sleeved_outwear,715.jpg,ghostwhite,winter,white
559201d6-65b4-4d52-bab5-6b1c3c2a2be5.jpg,trousers,712.jpg,darkslategray,winter,green
43dc2191-a0df-41a7-9da7-9c3f477dfde9.jpg,long_sleeved_shirt,712.jpg,black,winter,black
32354f94-5c72-4f7d-bf2c-a3874fa27d72.jpg,trousers,717.jpg,darkslategray,winter,green
33e2d536-dffa-4082-8805-40d8dff36515.jpg,long_sleeved_shirt,717.jpg,darkslategray,winter,green
87707f99-453a-41fb-a8da-8099039e371b.jpg,trousers,721.jpg,whitesmoke,winter,white
4864a37b-44fe-4f8e-ab78-78200e5e1eea.jpg,short_sleeved_shirt,721.jpg,whitesmoke,winter,white
60621147-d3da-4df8-a7bf-3cb49bdac04d.jpg,trousers,716.jpg,dimgray,autumn,gray
cd5e6bd3-e325-4a26-ad94-4f781c00c913.jpg,long_sleeved_shirt,716.jpg,silver,summer,gray
51009e6a-95cc-4b60-acc4-00c27bb1709c.jpg,skirt,714.jpg,black,winter,black
a7b79266-3214-40d2-9aad-55d5bbdf0339.jpg,short_sleeved_shirt,718.jpg,darkslateblue,winter,purple
2db41070-1c87-47df-a7de-5aa58885fa43.jpg,trousers,718.jpg,darkslateblue,winter,purple
a30c0c03-c16b-4452-a136-e2af40e22dc6.jpg,trousers,729.jpg,black,winter,black
2db5a285-96a9-45f1-92ce-f1e23cc64035.jpg,shorts,726.jpg,lightslategray,summer,gray
246d2712-fd99-4e40-8cce-95960bb3d46b.jpg,trousers,726.jpg,lightslategray,summer,gray
9ae3f4be-7214-4539-99d0-bac3dc6814f7.jpg,long_sleeved_shirt,726.jpg,lavender,winter,purple
8e210ead-f914-4d30-afef-986673d1a2bf.jpg,trousers,730.jpg,lightsteelblue,summer,blue
607e7a1b-6df5-466e-bcf0-565a805f5c1c.jpg,skirt,730.jpg,lightsteelblue,summer,blue
cbe63b3f-2830-4216-819c-452a3fe3cef3.jpg,trousers,731.jpg,black,winter,black
2ac741a2-5345-47b0-81e8-7b2f97cdac49.jpg,long_sleeved_shirt,731.jpg,black,winter,black
76af2468-a97e-4a34-93b7-3d37023b4f7e.jpg,trousers,732.jpg,lightsteelblue,summer,blue
754c5120-986b-44d5-95f2-e8cf9e49c782.jpg,short_sleeved_shirt,732.jpg,lightsteelblue,summer,blue
6e7d7cde-20dd-4439-92ff-a1e5ff285491.jpg,trousers,725.jpg,lightsteelblue,summer,blue
228e8b79-4c41-4013-bf11-5b2662872457.jpg,long_sleeved_shirt,725.jpg,black,winter,black
c4f3b4cc-8ef4-44e3-ba5b-561a0d452245.jpg,trousers,724.jpg,black,winter,black
7907feb1-2ccf-4cc4-9b76-836b20d13583.jpg,long_sleeved_shirt,724.jpg,gainsboro,winter,gray
99afaa7b-ec1e-4de1-8343-1f0871cb9c23.jpg,trousers,728.jpg,black,winter,black
3b3ef211-fcea-4145-8775-c792e17ad487.jpg,long_sleeved_outwear,728.jpg,darkslategray,winter,green
7ad88440-b404-4a62-9769-17d88ee62cff.jpg,long_sleeved_outwear,723.jpg,black,winter,black
9a427762-cbcd-408d-9bd6-8328bb611969.jpg,trousers,723.jpg,black,winter,black
680b5e92-7e9c-4c27-b643-41ea3677fccb.jpg,long_sleeved_shirt,727.jpg,black,winter,black
01bee590-3f80-4577-9c9b-7c0f4ba7b67a.jpg,trousers,727.jpg,black,winter,black
0a523e42-8f3c-46c9-827b-e5cb837bd371.jpg,trousers,736.jpg,slateblue,summer,purple
1ad15650-7171-4976-bdca-f5ea6d9d3f9e.jpg,long_sleeved_shirt,736.jpg,darkgray,winter,gray
6440cb2f-61a1-48d6-970f-00b6590c06b9.jpg,trousers,734.jpg,lightslategray,summer,gray
ac6918cd-c845-41e9-af87-0ffc66e45e7c.jpg,long_sleeved_shirt,734.jpg,silver,summer,gray
416b9a11-a554-4928-9b5b-9e1d3c8f811a.jpg,long_sleeved_shirt,733.jpg,gray,winter,gray
860dc0a1-58d9-418c-8b19-1ba36ba6ce73.jpg,skirt,733.jpg,lavender,winter,purple
7d21f417-d8c4-4f25-908e-38571561daed.jpg,skirt,739.jpg,gainsboro,winter,gray
9a577d49-f78e-47bc-8374-2b7e9dc97cb2.jpg,skirt,737.jpg,gainsboro,winter,gray
b78dd771-317c-4600-88dd-186fab344c81.jpg,trousers,737.jpg,rosybrown,summer,brown
cf87eabf-e1b4-4cb2-85b9-cf181171a081.jpg,long_sleeved_shirt,737.jpg,aliceblue,summer,blue
5557b047-9134-4529-af4d-539232c5eeba.jpg,trousers,735.jpg,black,winter,black
e8e042aa-ec5c-42ed-a3af-e54033fb5a18.jpg,long_sleeved_shirt,735.jpg,black,winter,black
4ee68bfb-4170-48d6-ab58-11f9ec2b04c7.jpg,short_sleeved_shirt,738.jpg,steelblue,autumn,blue
4ca0d748-ea7e-4bb5-b3b5-82d5aa7183ff.jpg,long_sleeved_shirt,738.jpg,steelblue,autumn,blue
9a12afa8-33b6-4c21-a96e-4b5f0a4b5166.jpg,trousers,738.jpg,darkslategray,winter,green
c417ba0e-0e13-4b23-8482-80f22b79c151.jpg,trousers,744.jpg,midnightblue,winter,blue
c6458248-e391-45e4-b47d-8db4091a50e7.jpg,short_sleeved_shirt,744.jpg,lightslategray,summer,gray
e3fdfccf-ad4f-4623-b676-2df3724b1231.jpg,trousers,751.jpg,lightslategray,summer,gray
1eae22e4-2df7-480e-b581-5114bb885397.jpg,trousers,742.jpg,darkslategray,winter,green
8d1536b4-c482-43e6-93ab-884e7c3c4fe7.jpg,long_sleeved_shirt,742.jpg,darkgray,winter,gray
b5347b8d-a66c-44b4-bb2e-86657c3654ce.jpg,trousers,745.jpg,black,winter,black
814b0914-a4fc-47e1-8335-5ccfd892a2e8.jpg,long_sleeved_outwear,745.jpg,darkslategray,winter,green
e54cae19-2882-40fa-8a9b-4dea7f0d328d.jpg,trousers,748.jpg,darkslategray,winter,green
7fbac5bb-018a-4c36-b1d6-d05e4688c2cc.jpg,long_sleeved_shirt,748.jpg,darkgray,winter,gray
c08573ca-6439-4b85-a8d2-00d797ac6366.jpg,trousers,743.jpg,black,winter,black
2acc4249-340e-4c27-83a4-2690948f8d81.jpg,long_sleeved_shirt,743.jpg,black,winter,black
39043f6e-7ab4-41c4-a5e8-0a39ce08e439.jpg,skirt,743.jpg,black,winter,black
3f6a942a-7ecb-4e08-a8cd-9f7628e326f3.jpg,long_sleeved_shirt,749.jpg,pink,winter,pink
6ae3fdd9-26af-49c7-8f17-14681508d01d.jpg,skirt,741.jpg,antiquewhite,spring,white
790c4a9b-a068-4c4d-abcb-2ef0ecc11d5c.jpg,long_sleeved_shirt,741.jpg,linen,autumn,white
8519b0d1-d9c4-47bd-af4b-3c87f6344a6e.jpg,trousers,747.jpg,black,winter,black
3035b3ed-999e-4432-a6f0-51a3ee8eee7d.jpg,short_sleeved_shirt,747.jpg,black,winter,black
0021b721-6399-4fe6-bcae-b1b2e1784db8.jpg,long_sleeved_shirt,752.jpg,darkslategray,winter,green
ed20d9bf-1176-4ee0-b10a-0e80bcfd7a4b.jpg,skirt,752.jpg,darkslategray,winter,green
2443b93d-db22-4695-ad90-2adaa96a74d8.jpg,skirt,760.jpg,darkslateblue,winter,purple
54b2fab3-e2c5-4f4d-8b2d-d389801b3191.jpg,short_sleeved_shirt,760.jpg,black,winter,black
dcb174a9-038b-49f9-95b8-591a71546999.jpg,skirt,754.jpg,rosybrown,summer,brown
d34b7027-61a4-4c97-80f5-747d66a0996d.jpg,short_sleeved_shirt,754.jpg,gainsboro,winter,gray
0d5fb6cc-aae8-4aac-a253-2685ad056b10.jpg,trousers,756.jpg,steelblue,autumn,blue
f9cefb44-51d5-46c6-ba6a-f198ce147bb9.jpg,long_sleeved_shirt,756.jpg,gainsboro,winter,gray
35aaa920-ba2a-412e-82ce-e5307fe8a248.jpg,long_sleeved_shirt,755.jpg,black,winter,black
32f25a57-1b4f-4bf2-befb-1bd68c9c7cc5.jpg,trousers,759.jpg,black,winter,black
530c4b68-1e9d-46f2-b46a-e407ca548b33.jpg,short_sleeved_shirt,759.jpg,black,winter,black
97a2c010-8216-4d06-b362-e81de950a955.jpg,long_sleeved_shirt,757.jpg,black,winter,black
aa6043c0-a328-442a-abb5-23145f64d6ea.jpg,trousers,758.jpg,steelblue,autumn,blue
